game_date,batter,estimated_woba_using_speedangle,woba_value,woba_denom,first_name,last_name
2024-05-01,664983,0.078,0.0,1,jake,mccarthy
2024-05-01,571466,0.035,0.0,1,tucker,barnhart
2024-05-01,677942,0.689131,0.7,1,blaze,alexander
2024-05-01,682998,0.879,0.9,1,corbin,carroll
2024-05-01,553993,0.0,0.0,1,eugenio,suárez
2024-05-01,500743,0.003,0.0,1,miguel,rojas
2024-05-01,681624,0.0,0.0,1,andy,pages
2024-05-01,571771,0.338,0.0,1,enrique,hernández
2024-05-01,572233,0.689131,0.7,1,christian,walker
2024-05-01,606466,0.613,0.0,1,ketel,marte
2024-05-01,666971,0.03,0.0,1,lourdes,gurriel
2024-05-01,664983,0.65,0.9,1,jake,mccarthy
2024-05-01,606192,0.0,0.0,1,teoscar,hernández
2024-05-01,669257,0.0,0.0,1,will,smith
2024-05-01,518692,0.749,0.0,1,freddie,freeman
2024-05-01,605141,0.677,0.9,1,mookie,betts
2024-05-01,571466,0.0,0.0,1,tucker,barnhart
2024-05-01,677942,0.13,0.0,1,blaze,alexander
2024-05-01,682998,0.689131,0.7,1,corbin,carroll
2024-05-01,605131,0.505,0.0,1,austin,barnes
2024-05-01,621035,0.689131,0.7,1,chris,taylor
2024-05-01,500743,0.689131,0.7,1,miguel,rojas
2024-05-01,681624,0.0,0.0,1,andy,pages
2024-05-01,571771,0.689131,0.7,1,enrique,hernández
2024-05-01,606192,0.468,0.9,1,teoscar,hernández
2024-05-01,669257,0.0,0.0,1,will,smith
2024-05-01,518692,0.689131,0.7,1,freddie,freeman
2024-05-01,553993,0.086,0.0,1,eugenio,suárez
2024-05-01,592626,0.61,0.9,1,joc,pederson
2024-05-01,572233,0.0,0.0,1,christian,walker
2024-05-01,606466,0.689131,0.7,1,ketel,marte
2024-05-01,666971,0.046,0.0,1,lourdes,gurriel
2024-05-01,605141,0.15,0.0,1,mookie,betts
2024-05-01,605131,0.0,0.0,1,austin,barnes
2024-05-01,621035,0.746,0.9,1,chris,taylor
2024-05-01,500743,0.111,0.0,1,miguel,rojas
2024-05-01,664983,0.0,0.0,1,jake,mccarthy
2024-05-01,571466,0.0,0.0,1,tucker,barnhart
2024-05-01,677942,0.916,0.9,1,blaze,alexander
2024-05-01,682998,0.384,0.0,1,corbin,carroll
2024-05-01,681624,0.0,0.0,1,andy,pages
2024-05-01,571771,0.0,0.0,1,enrique,hernández
2024-05-01,606192,0.689131,0.7,1,teoscar,hernández
2024-05-01,669257,1.208,0.0,1,will,smith
2024-05-01,553993,0.0,0.0,1,eugenio,suárez
2024-05-01,592626,0.3,0.9,1,joc,pederson
2024-05-01,572233,0.194,0.0,1,christian,walker
2024-05-01,606466,0.098,0.0,1,ketel,marte
2024-05-01,518692,0.503,0.0,1,freddie,freeman
2024-05-01,605141,0.357,0.9,1,mookie,betts
2024-05-01,605131,0.333,0.0,1,austin,barnes
2024-05-01,666971,0.07,0.0,1,lourdes,gurriel
2024-05-01,664983,0.244,0.0,1,jake,mccarthy
2024-05-01,571466,0.0,0.0,1,tucker,barnhart
2024-05-01,621035,0.183,0.0,1,chris,taylor
2024-05-01,500743,0.894,0.9,1,miguel,rojas
2024-05-01,681624,0.003,0.0,1,andy,pages
2024-05-01,571771,0.689131,0.7,1,enrique,hernández
2024-05-01,606192,0.468,0.0,1,teoscar,hernández
2024-05-01,669257,1.148,2.0,1,will,smith
2024-05-01,677942,0.008,0.0,1,blaze,alexander
2024-05-01,682998,0.013,0.0,1,corbin,carroll
2024-05-01,553993,0.281,0.0,1,eugenio,suárez
2024-05-01,592626,0.354,0.9,1,joc,pederson
2024-05-01,518692,0.061,0.0,1,freddie,freeman
2024-05-01,605141,0.483,0.9,1,mookie,betts
2024-05-01,605131,0.749,1.25,1,austin,barnes
2024-05-01,621035,0.689131,0.7,1,chris,taylor
2024-05-01,500743,0.196,1.25,1,miguel,rojas
2024-05-01,681624,1.647,2.0,1,andy,pages
2024-05-01,571771,0.689131,0.7,1,enrique,hernández
2024-05-01,606192,0.545,0.0,1,teoscar,hernández
2024-05-01,572233,0.003,0.0,1,christian,walker
2024-05-01,606466,0.57,1.25,1,ketel,marte
2024-05-01,666971,0.102,0.0,1,lourdes,gurriel
2024-05-01,664983,0.689131,0.7,1,jake,mccarthy
2024-05-01,669257,0.098,0.0,1,will,smith
2024-05-01,518692,0.0,0.0,1,freddie,freeman
2024-05-01,605141,0.017,0.0,1,mookie,betts
2024-05-01,676059,0.226,0.0,1,jordan,westburg
2024-05-01,681297,0.053,0.0,1,colton,cowser
2024-05-01,663624,0.0,0.0,1,ryan,mountcastle
2024-05-01,656811,0.075,0.9,1,ryan,o'hearn
2024-05-01,519317,0.153,0.0,1,giancarlo,stanton
2024-05-01,592450,1.273,0.0,1,aaron,judge
2024-05-01,665742,0.0,0.0,1,juan,soto
2024-05-01,668939,0.0,0.0,1,adley,rutschman
2024-05-01,683002,0.0,0.0,1,gunnar,henderson
2024-05-01,623993,0.0,0.0,1,anthony,santander
2024-05-01,677008,0.720192,0.7,1,heston,kjerstad
2024-05-01,656775,0.689131,0.7,1,cedric,mullins
2024-05-01,683011,0.0,0.0,1,anthony,volpe
2024-05-01,665828,0.05,0.0,1,oswaldo,cabrera
2024-05-01,624431,0.292,0.0,1,jose,trevino
2024-05-01,676059,0.0,0.0,1,jordan,westburg
2024-05-01,681297,0.0,0.0,1,colton,cowser
2024-05-01,663624,0.329,0.0,1,ryan,mountcastle
2024-05-01,656811,0.689131,0.7,1,ryan,o'hearn
2024-05-01,663757,0.013,0.0,1,trent,grisham
2024-05-01,650402,0.047,0.0,1,gleyber,torres
2024-05-01,519203,0.008,0.0,1,anthony,rizzo
2024-05-01,668939,0.005,0.0,1,adley,rutschman
2024-05-01,683002,0.127,0.0,1,gunnar,henderson
2024-05-01,602104,0.003,0.0,1,ramón,urías
2024-05-01,519317,0.497,0.0,1,giancarlo,stanton
2024-05-01,592450,0.098,0.0,1,aaron,judge
2024-05-01,665742,0.689131,0.7,1,juan,soto
2024-05-01,677008,0.008,0.0,1,heston,kjerstad
2024-05-01,656775,0.018,0.0,1,cedric,mullins
2024-05-01,676059,0.717,0.9,1,jordan,westburg
2024-05-01,681297,0.0,0.0,1,colton,cowser
2024-05-01,683011,0.0,0.0,1,anthony,volpe
2024-05-01,665828,0.732,2.0,1,oswaldo,cabrera
2024-05-01,624431,0.105,0.9,1,jose,trevino
2024-05-01,663757,0.225,0.0,1,trent,grisham
2024-05-01,650402,0.212,0.0,1,gleyber,torres
2024-05-01,663624,0.0,0.0,1,ryan,mountcastle
2024-05-01,656811,0.007,0.0,1,ryan,o'hearn
2024-05-01,668939,0.0,0.0,1,adley,rutschman
2024-05-01,519203,0.522,0.0,1,anthony,rizzo
2024-05-01,519317,0.013,0.0,1,giancarlo,stanton
2024-05-01,592450,0.313,0.0,1,aaron,judge
2024-05-01,683002,0.262,0.0,1,gunnar,henderson
2024-05-01,602104,0.0,0.0,1,ramón,urías
2024-05-01,677008,0.754,0.9,1,heston,kjerstad
2024-05-01,656775,0.013,0.0,1,cedric,mullins
2024-05-01,665742,0.32,0.0,1,juan,soto
2024-05-01,683011,0.3,0.0,1,anthony,volpe
2024-05-01,665828,0.408,0.9,1,oswaldo,cabrera
2024-05-01,624431,0.173,0.0,1,jose,trevino
2024-05-01,676059,0.0,0.0,1,jordan,westburg
2024-05-01,681297,0.092,0.0,1,colton,cowser
2024-05-01,663624,0.0,0.0,1,ryan,mountcastle
2024-05-01,663757,0.0,0.0,1,trent,grisham
2024-05-01,650402,0.048,0.0,1,gleyber,torres
2024-05-01,519203,0.0,0.0,1,anthony,rizzo
2024-05-01,656811,0.098,0.0,1,ryan,o'hearn
2024-05-01,668939,0.537,0.0,1,adley,rutschman
2024-05-01,683002,0.101,0.0,1,gunnar,henderson
2024-05-01,519317,0.0,0.0,1,giancarlo,stanton
2024-05-01,592450,0.0,0.0,1,aaron,judge
2024-05-01,665742,0.708,0.9,1,juan,soto
2024-05-01,683011,0.0,0.0,1,anthony,volpe
2024-05-01,642731,0.266,0.0,1,thairo,estrada
2024-05-01,624424,0.0,0.0,1,michael,conforto
2024-05-01,656305,0.894,0.9,1,matt,chapman
2024-05-01,680776,0.488,0.0,1,jarren,duran
2024-05-01,678882,0.062,0.0,1,ceddanne,rafaela
2024-05-01,665839,0.067,0.0,1,enmanuel,valdez
2024-05-01,664774,0.0,0.0,1,lamonte,wade
2024-05-01,624585,0.646,0.0,1,jorge,soler
2024-05-01,808982,0.486,0.0,1,jung hoo,lee
2024-05-01,642086,0.08,0.0,1,dominic,smith
2024-05-01,657136,1.066,1.25,1,connor,wong
2024-05-01,677800,0.294,0.9,1,wilyer,abreu
2024-05-01,641933,0.0,0.0,1,tyler,o'neill
2024-05-01,608701,0.065,0.0,1,rob,refsnyder
2024-05-01,605113,0.021,0.0,1,nick,ahmed
2024-05-01,608596,0.065,0.0,1,tom,murphy
2024-05-01,573262,0.008,0.0,1,mike,yastrzemski
2024-05-01,646240,0.077,0.0,1,rafael,devers
2024-05-01,680776,0.0,0.0,1,jarren,duran
2024-05-01,678882,0.0,0.0,1,ceddanne,rafaela
2024-05-01,642731,0.061,0.0,1,thairo,estrada
2024-05-01,624424,0.0,0.0,1,michael,conforto
2024-05-01,656305,0.139,0.0,1,matt,chapman
2024-05-01,664774,0.689131,0.7,1,lamonte,wade
2024-05-01,665839,0.102,0.0,1,enmanuel,valdez
2024-05-01,642086,0.817,0.9,1,dominic,smith
2024-05-01,657136,0.627,0.9,1,connor,wong
2024-05-01,677800,0.26,0.0,1,wilyer,abreu
2024-05-01,641933,0.018,0.0,1,tyler,o'neill
2024-05-01,608701,0.381,0.9,1,rob,refsnyder
2024-05-01,624585,0.891,0.0,1,jorge,soler
2024-05-01,808982,0.483,0.0,1,jung hoo,lee
2024-05-01,605113,0.188,0.0,1,nick,ahmed
2024-05-01,646240,0.16,0.0,1,rafael,devers
2024-05-01,680776,0.531,1.6,1,jarren,duran
2024-05-01,678882,0.221,0.0,1,ceddanne,rafaela
2024-05-01,665839,0.238,1.25,1,enmanuel,valdez
2024-05-01,642086,0.118,0.0,1,dominic,smith
2024-05-01,657136,0.541,1.25,1,connor,wong
2024-05-01,608596,0.0,0.0,1,tom,murphy
2024-05-01,573262,0.278,0.9,1,mike,yastrzemski
2024-05-01,642731,0.185,1.25,1,thairo,estrada
2024-05-01,624424,0.689131,0.7,1,michael,conforto
2024-05-01,656305,0.0,0.0,1,matt,chapman
2024-05-01,664774,0.139,0.0,1,lamonte,wade
2024-05-01,677800,0.327,0.0,1,wilyer,abreu
2024-05-01,641933,0.0,0.0,1,tyler,o'neill
2024-05-01,608701,0.541,0.0,1,rob,refsnyder
2024-05-01,646240,0.008,1.25,1,rafael,devers
2024-05-01,680776,0.689131,0.7,1,jarren,duran
2024-05-01,678882,0.499,0.9,1,ceddanne,rafaela
2024-05-01,624585,0.725,0.0,1,jorge,soler
2024-05-01,808982,0.165,0.0,1,jung hoo,lee
2024-05-01,605113,0.0,0.0,1,nick,ahmed
2024-05-01,608596,1.87,2.0,1,tom,murphy
2024-05-01,665839,0.0,0.0,1,enmanuel,valdez
2024-05-01,642086,0.189,0.0,1,dominic,smith
2024-05-01,657136,0.0,0.0,1,connor,wong
2024-05-01,677800,0.689131,0.7,1,wilyer,abreu
2024-05-01,573262,0.343,0.0,1,mike,yastrzemski
2024-05-01,642731,0.0,0.0,1,thairo,estrada
2024-05-01,624424,0.15,0.0,1,michael,conforto
2024-05-01,641933,0.149,0.0,1,tyler,o'neill
2024-05-01,608701,0.0,0.0,1,rob,refsnyder
2024-05-01,646240,0.689131,0.7,1,rafael,devers
2024-05-01,680776,0.689131,0.7,1,jarren,duran
2024-05-01,656305,0.0,0.0,1,matt,chapman
2024-05-01,664774,0.0,0.0,1,lamonte,wade
2024-05-01,624585,0.012,0.0,1,jorge,soler
2024-05-01,808982,0.87,0.9,1,jung hoo,lee
2024-05-01,664901,0.0,0.0,1,danny,mendick
2024-05-01,643217,0.342,0.0,1,andrew,benintendi
2024-05-01,683734,0.119,0.0,1,andrew,vaughn
2024-05-01,543877,0.0,0.0,1,christian,vázquez
2024-05-01,650489,0.28,0.9,1,willi,castro
2024-05-01,467793,0.003,0.0,1,carlos,santana
2024-05-01,680777,0.462,1.25,1,ryan,jeffers
2024-05-01,669304,1.015,1.25,1,josé,miranda
2024-05-01,596146,0.0,0.0,1,max,kepler
2024-05-01,621043,0.409,0.9,1,carlos,correa
2024-05-01,571657,0.556,0.9,1,kyle,farmer
2024-05-01,657757,0.051,0.0,1,gavin,sheets
2024-05-01,502054,0.05,0.0,1,tommy,pham
2024-05-01,543257,0.07,0.0,1,robbie,grossman
2024-05-01,622534,0.148,0.0,1,manuel,margot
2024-05-01,543877,0.599,0.0,1,christian,vázquez
2024-05-01,650489,0.201,1.25,1,willi,castro
2024-05-01,669699,0.174,0.0,1,braden,shewmake
2024-05-01,657557,0.0,0.0,1,paul,dejong
2024-05-01,686676,1.208,2.0,1,korey,lee
2024-05-01,664901,0.584,0.0,1,danny,mendick
2024-05-01,467793,0.033,0.0,1,carlos,santana
2024-05-01,680777,0.276,0.0,1,ryan,jeffers
2024-05-01,669304,0.261,0.9,1,josé,miranda
2024-05-01,596146,0.429,0.9,1,max,kepler
2024-05-01,621043,0.689131,0.7,1,carlos,correa
2024-05-01,666397,0.0,0.0,1,edouard,julien
2024-05-01,666135,0.689131,0.7,1,alex,kirilloff
2024-05-01,643217,0.003,0.0,1,andrew,benintendi
2024-05-01,683734,0.0,0.0,1,andrew,vaughn
2024-05-01,657757,0.657,0.0,1,gavin,sheets
2024-05-01,543877,0.0,0.0,1,christian,vázquez
2024-05-01,650489,0.204,0.9,1,willi,castro
2024-05-01,467793,0.689131,0.7,1,carlos,santana
2024-05-01,663616,0.689131,0.7,1,trevor,larnach
2024-05-01,669304,0.174,0.0,1,josé,miranda
2024-05-01,596146,0.689131,0.7,1,max,kepler
2024-05-01,621043,0.17,0.0,1,carlos,correa
2024-05-01,502054,0.053,0.0,1,tommy,pham
2024-05-01,543257,0.416,1.25,1,robbie,grossman
2024-05-01,669699,0.005,0.0,1,braden,shewmake
2024-05-01,657557,0.611,0.9,1,paul,dejong
2024-05-01,686676,0.073,0.0,1,korey,lee
2024-05-01,666397,0.402,0.0,1,edouard,julien
2024-05-01,666135,0.603,2.0,1,alex,kirilloff
2024-05-01,543877,0.033,0.0,1,christian,vázquez
2024-05-01,650489,0.236,0.0,1,willi,castro
2024-05-01,664901,0.181,0.0,1,danny,mendick
2024-05-01,643217,0.025,0.0,1,andrew,benintendi
2024-05-01,683734,0.491,0.0,1,andrew,vaughn
2024-05-01,467793,0.149,0.0,1,carlos,santana
2024-05-01,663616,0.125,0.0,1,trevor,larnach
2024-05-01,669304,0.831,0.9,1,josé,miranda
2024-05-01,596146,0.022,0.0,1,max,kepler
2024-05-01,657757,0.439,0.0,1,gavin,sheets
2024-05-01,502054,0.732,2.0,1,tommy,pham
2024-05-01,543257,0.094,0.0,1,robbie,grossman
2024-05-01,669699,0.018,0.0,1,braden,shewmake
2024-05-01,621043,0.0,0.0,1,carlos,correa
2024-05-01,666397,0.689131,0.7,1,edouard,julien
2024-05-01,666135,0.0,0.0,1,alex,kirilloff
2024-05-01,543877,0.103,0.0,1,christian,vázquez
2024-05-01,650489,0.921,1.6,1,willi,castro
2024-05-01,657557,0.0,0.0,1,paul,dejong
2024-05-01,686676,0.468,0.0,1,korey,lee
2024-05-01,664901,0.0,0.0,1,danny,mendick
2024-05-01,467793,0.139,0.0,1,carlos,santana
2024-05-01,663616,0.0,0.0,1,trevor,larnach
2024-05-01,621439,0.885,0.9,1,byron,buxton
2024-05-01,643217,0.558,0.0,1,andrew,benintendi
2024-05-01,683734,0.298,0.9,1,andrew,vaughn
2024-05-01,657757,0.128,0.0,1,gavin,sheets
2024-05-01,502054,0.718,1.25,1,tommy,pham
2024-05-01,543257,0.242,1.25,1,robbie,grossman
2024-05-01,596146,0.023,0.0,1,max,kepler
2024-05-01,621043,0.689131,0.7,1,carlos,correa
2024-05-01,666397,0.0,0.0,1,edouard,julien
2024-05-01,666135,0.073,0.0,1,alex,kirilloff
2024-05-01,676475,0.0,0.0,1,alec,burleson
2024-05-01,502671,0.689131,0.7,1,paul,goldschmidt
2024-05-01,571448,0.222,0.0,1,nolan,arenado
2024-05-01,663457,0.103,0.0,1,lars,nootbaar
2024-05-01,663837,0.034,0.0,1,matt,vierling
2024-05-01,628451,0.191,0.9,1,andy,ibáñez
2024-05-01,672761,0.907,0.9,1,wenceel,pérez
2024-05-01,592192,0.402,0.0,1,mark,canha
2024-05-01,575929,0.0,0.0,1,willson,contreras
2024-05-01,680977,0.689131,0.7,1,brendan,donovan
2024-05-01,665877,0.554,0.9,1,josé,fermín
2024-05-01,669357,0.24,0.0,1,nolan,gorman
2024-05-01,691026,0.078,0.0,1,masyn,winn
2024-05-01,682985,0.051,0.0,1,riley,greene
2024-05-01,608348,0.0,0.0,1,carson,kelly
2024-05-01,595879,0.172,0.0,1,javier,báez
2024-05-01,676475,0.0,0.0,1,alec,burleson
2024-05-01,502671,0.099,0.0,1,paul,goldschmidt
2024-05-01,571448,0.556,0.9,1,nolan,arenado
2024-05-01,663457,0.457,0.9,1,lars,nootbaar
2024-05-01,690993,0.043,0.0,1,colt,keith
2024-05-01,679529,0.0,0.0,1,spencer,torkelson
2024-05-01,663837,0.27,0.0,1,matt,vierling
2024-05-01,575929,0.0,0.0,1,willson,contreras
2024-05-01,680977,0.423,0.0,1,brendan,donovan
2024-05-01,672279,0.921,0.9,1,michael,siani
2024-05-01,681481,0.01,0.0,1,kerry,carpenter
2024-05-01,672761,0.269,0.0,1,wenceel,pérez
2024-05-01,592192,0.409,0.0,1,mark,canha
2024-05-01,669357,0.419,0.0,1,nolan,gorman
2024-05-01,691026,0.003,0.0,1,masyn,winn
2024-05-01,676475,0.319,0.9,1,alec,burleson
2024-05-01,682985,0.0,0.0,1,riley,greene
2024-05-01,608348,0.0,0.0,1,carson,kelly
2024-05-01,595879,0.007,0.0,1,javier,báez
2024-05-01,502671,0.478,0.0,1,paul,goldschmidt
2024-05-01,571448,0.822,0.0,1,nolan,arenado
2024-05-01,663457,0.0,0.0,1,lars,nootbaar
2024-05-01,575929,2.0,2.0,1,willson,contreras
2024-05-01,690993,0.007,0.0,1,colt,keith
2024-05-01,679529,0.818,0.9,1,spencer,torkelson
2024-05-01,663837,1.609,2.0,1,matt,vierling
2024-05-01,681481,0.696,0.9,1,kerry,carpenter
2024-05-01,672761,0.031,0.0,1,wenceel,pérez
2024-05-01,592192,0.0,0.0,1,mark,canha
2024-05-01,680977,0.057,0.0,1,brendan,donovan
2024-05-01,672279,0.547,0.9,1,michael,siani
2024-05-01,669357,0.33,0.0,1,nolan,gorman
2024-05-01,691026,0.0,0.0,1,masyn,winn
2024-05-01,682985,0.067,0.0,1,riley,greene
2024-05-01,608348,0.720192,0.7,1,carson,kelly
2024-05-01,595879,0.102,0.0,1,javier,báez
2024-05-01,690993,0.781,1.25,1,colt,keith
2024-05-01,679529,0.005,0.0,1,spencer,torkelson
2024-05-01,663837,0.573,0.9,1,matt,vierling
2024-05-01,676475,0.147,0.0,1,alec,burleson
2024-05-01,502671,0.0,0.0,1,paul,goldschmidt
2024-05-01,571448,0.637,0.0,1,nolan,arenado
2024-05-01,681481,0.112,0.0,1,kerry,carpenter
2024-05-01,672761,0.022,0.0,1,wenceel,pérez
2024-05-01,592192,0.133,0.0,1,mark,canha
2024-05-01,682985,0.483,1.25,1,riley,greene
2024-05-01,663457,0.017,0.0,1,lars,nootbaar
2024-05-01,575929,0.0,0.0,1,willson,contreras
2024-05-01,680977,0.474,0.0,1,brendan,donovan
2024-05-01,643289,0.517,0.0,1,mauricio,dubón
2024-05-01,694388,0.0,0.0,1,joey,loperfido
2024-05-01,647304,0.135,0.0,1,josh,naylor
2024-05-01,608070,0.0,0.0,1,josé,ramírez
2024-05-01,665926,0.689131,0.7,1,andrés,giménez
2024-05-01,680757,0.494,1.25,1,steven,kwan
2024-05-01,677587,0.689131,0.7,1,brayan,rocchio
2024-05-01,605170,0.584,0.0,1,víctor,caratini
2024-05-01,673237,0.106,0.0,1,yainer,diaz
2024-05-01,665161,0.513,0.9,1,jeremy,peña
2024-05-01,663656,0.176,0.0,1,kyle,tucker
2024-05-01,666310,0.0,0.0,1,bo,naylor
2024-05-01,664314,0.0,0.0,1,estevan,florial
2024-05-01,686823,0.78,0.9,1,will,brennan
2024-05-01,681807,0.0,0.0,1,david,fry
2024-05-01,670541,0.686,0.0,1,yordan,álvarez
2024-05-01,608324,0.008,0.0,1,alex,bregman
2024-05-01,514888,0.238,0.0,1,josé,altuve
2024-05-01,643289,0.301,1.25,1,mauricio,dubón
2024-05-01,647304,0.056,0.0,1,josh,naylor
2024-05-01,608070,0.004,0.0,1,josé,ramírez
2024-05-01,665926,0.571,0.9,1,andrés,giménez
2024-05-01,680757,0.378,0.0,1,steven,kwan
2024-05-01,694388,0.0,0.0,1,joey,loperfido
2024-05-01,605170,0.0,0.0,1,víctor,caratini
2024-05-01,572138,0.689131,0.7,1,jon,singleton
2024-05-01,665161,0.494,0.0,1,jeremy,peña
2024-05-01,663656,1.966,2.0,1,kyle,tucker
2024-05-01,677587,0.143,0.0,1,brayan,rocchio
2024-05-01,671289,0.184,0.0,1,tyler,freeman
2024-05-01,664314,0.021,0.0,1,estevan,florial
2024-05-01,670541,0.221,0.0,1,yordan,álvarez
2024-05-01,608324,0.0,0.0,1,alex,bregman
2024-05-01,514888,0.393,0.9,1,josé,altuve
2024-05-01,643289,0.223,1.25,1,mauricio,dubón
2024-05-01,694388,0.0,0.0,1,joey,loperfido
2024-05-01,686823,0.0,0.0,1,will,brennan
2024-05-01,681807,0.181,0.9,1,david,fry
2024-05-01,647304,0.093,0.0,1,josh,naylor
2024-05-01,608070,0.289,0.0,1,josé,ramírez
2024-05-01,605170,0.559,0.0,1,víctor,caratini
2024-05-01,572138,0.552,0.9,1,jon,singleton
2024-05-01,665161,0.305,0.0,1,jeremy,peña
2024-05-01,665926,0.006,0.0,1,andrés,giménez
2024-05-01,680757,0.879,1.6,1,steven,kwan
2024-05-01,677587,0.689131,0.7,1,brayan,rocchio
2024-05-01,671289,0.125,0.0,1,tyler,freeman
2024-05-01,664314,0.036,0.0,1,estevan,florial
2024-05-01,686823,0.732,2.0,1,will,brennan
2024-05-01,663656,0.718,0.0,1,kyle,tucker
2024-05-01,670541,0.652,0.0,1,yordan,álvarez
2024-05-01,608324,0.085,0.0,1,alex,bregman
2024-05-01,681807,0.22,0.0,1,david,fry
2024-05-01,647304,0.543,0.0,1,josh,naylor
2024-05-01,608070,0.689131,0.7,1,josé,ramírez
2024-05-01,665926,0.689131,0.7,1,andrés,giménez
2024-05-01,514888,0.153,0.0,1,josé,altuve
2024-05-01,643289,0.133,0.9,1,mauricio,dubón
2024-05-01,694388,0.71,0.9,1,joey,loperfido
2024-05-01,605170,0.118,0.0,1,víctor,caratini
2024-05-01,680757,0.136,0.0,1,steven,kwan
2024-05-01,677587,0.734,0.9,1,brayan,rocchio
2024-05-01,671289,0.0,0.0,1,tyler,freeman
2024-05-01,572138,1.127,0.0,1,jon,singleton
2024-05-01,665161,0.008,0.0,1,jeremy,peña
2024-05-01,663656,0.005,0.0,1,kyle,tucker
2024-05-01,664314,0.0,0.0,1,estevan,florial
2024-05-01,686823,0.429,0.0,1,will,brennan
2024-05-01,681807,0.086,0.9,1,david,fry
2024-05-01,670541,0.324,0.0,1,yordan,álvarez
2024-05-01,608324,0.0,0.0,1,alex,bregman
2024-05-01,514888,0.0,0.0,1,josé,altuve
2024-05-01,647304,0.008,0.0,1,josh,naylor
2024-05-01,608070,0.098,0.0,1,josé,ramírez
2024-05-01,665926,0.072,0.0,1,andrés,giménez
2024-05-01,680757,0.292,0.9,1,steven,kwan
2024-05-01,621493,0.154,0.0,1,taylor,ward
2024-05-01,666176,0.0,0.0,1,jo,adell
2024-05-01,694384,0.196,0.9,1,nolan,schanuel
2024-05-01,687263,0.564,0.9,1,zach,neto
2024-05-01,501303,0.239,0.0,1,ehire,adrianza
2024-05-01,669016,0.0,0.0,1,brandon,marsh
2024-05-01,624641,0.19,0.0,1,edmundo,sosa
2024-05-01,593160,0.924,1.25,1,whit,merrifield
2024-05-01,592206,0.0,0.0,1,nick,castellanos
2024-05-01,657061,0.144,0.0,1,cole,tucker
2024-05-01,607680,0.259,0.9,1,kevin,pillar
2024-05-01,681351,0.855,0.0,1,logan,o'hoppe
2024-05-01,650859,0.505,0.9,1,luis,rengifo
2024-05-01,621493,0.412,0.9,1,taylor,ward
2024-05-01,592663,0.0,0.0,1,j. t.,realmuto
2024-05-01,664761,1.021,0.0,1,alec,bohm
2024-05-01,547180,0.59,0.9,1,bryce,harper
2024-05-01,607208,0.0,0.0,1,trea,turner
2024-05-01,666176,0.0,0.0,1,jo,adell
2024-05-01,694384,0.689131,0.7,1,nolan,schanuel
2024-05-01,687263,0.012,0.0,1,zach,neto
2024-05-01,501303,0.0,0.0,1,ehire,adrianza
2024-05-01,656941,0.624,0.9,1,kyle,schwarber
2024-05-01,665506,0.0,0.0,1,cristian,pache
2024-05-01,624641,0.0,0.0,1,edmundo,sosa
2024-05-01,593160,0.689131,0.7,1,whit,merrifield
2024-05-01,666160,0.0,0.0,1,mickey,moniak
2024-05-01,607680,0.0,0.0,1,kevin,pillar
2024-05-01,642136,0.302,0.0,1,matt,thaiss
2024-05-01,592206,0.0,0.0,1,nick,castellanos
2024-05-01,592663,0.0,0.0,1,j. t.,realmuto
2024-05-01,664761,0.915,0.0,1,alec,bohm
2024-05-01,650859,0.638,0.0,1,luis,rengifo
2024-05-01,621493,0.373,0.0,1,taylor,ward
2024-05-01,666176,0.0,0.0,1,jo,adell
2024-05-01,694384,0.627,1.25,1,nolan,schanuel
2024-05-01,547180,0.0,0.0,1,bryce,harper
2024-05-01,607208,0.103,0.0,1,trea,turner
2024-05-01,656941,0.0,0.0,1,kyle,schwarber
2024-05-01,687263,0.06,0.0,1,zach,neto
2024-05-01,501303,0.0,0.0,1,ehire,adrianza
2024-05-01,666160,0.263,0.0,1,mickey,moniak
2024-05-01,665506,0.006,0.0,1,cristian,pache
2024-05-01,624641,0.347,0.0,1,edmundo,sosa
2024-05-01,593160,0.0,0.0,1,whit,merrifield
2024-05-01,607680,0.03,0.0,1,kevin,pillar
2024-05-01,642136,0.0,0.0,1,matt,thaiss
2024-05-01,650859,0.689131,0.7,1,luis,rengifo
2024-05-01,621493,0.457,0.9,1,taylor,ward
2024-05-01,666176,0.122,0.0,1,jo,adell
2024-05-01,592206,0.0,0.0,1,nick,castellanos
2024-05-01,592663,0.0,0.0,1,j. t.,realmuto
2024-05-01,664761,0.89,0.9,1,alec,bohm
2024-05-01,547180,0.267,0.0,1,bryce,harper
2024-05-01,694384,0.062,0.0,1,nolan,schanuel
2024-05-01,687263,0.518,1.25,1,zach,neto
2024-05-01,501303,0.604,2.0,1,ehire,adrianza
2024-05-01,666160,0.008,0.0,1,mickey,moniak
2024-05-01,607680,0.075,0.0,1,kevin,pillar
2024-05-01,607208,0.018,0.0,1,trea,turner
2024-05-01,656941,0.489,0.9,1,kyle,schwarber
2024-05-01,665506,0.689131,0.7,1,cristian,pache
2024-05-01,624641,0.0,0.0,1,edmundo,sosa
2024-05-01,593160,0.442,0.9,1,whit,merrifield
2024-05-01,592206,0.0,0.0,1,nick,castellanos
2024-05-01,592663,0.893,0.9,1,j. t.,realmuto
2024-05-01,642136,0.0,0.0,1,matt,thaiss
2024-05-01,650859,0.845,0.9,1,luis,rengifo
2024-05-01,621493,0.0,0.7,1,taylor,ward
2024-05-01,666176,0.0,0.0,1,jo,adell
2024-05-01,694384,0.077,0.0,1,nolan,schanuel
2024-05-01,664761,0.0,0.0,1,alec,bohm
2024-05-01,547180,0.689131,0.7,1,bryce,harper
2024-05-01,607208,0.0,0.0,1,trea,turner
2024-05-01,656941,0.0,0.0,1,kyle,schwarber
2024-05-01,660707,0.0,0.0,1,elehuris,montero
2024-05-01,663898,0.152,0.0,1,brendan,rodgers
2024-05-01,453568,0.0,0.0,1,charlie,blackmon
2024-05-01,650333,0.045,0.0,1,luis,arráez
2024-05-01,667472,0.611,0.9,1,dane,myers
2024-05-01,660644,0.689131,0.7,1,vidal,bruján
2024-05-01,656896,0.689131,0.7,1,emmanuel,rivera
2024-05-01,624503,0.095,0.0,1,nick,gordon
2024-05-01,660821,0.023,0.0,1,jesús,sánchez
2024-05-01,605137,0.817,0.9,1,josh,bell
2024-05-01,553869,0.003,0.0,1,elías,díaz
2024-05-01,641857,0.689131,0.7,1,ryan,mcmahon
2024-05-01,686668,0.927,0.9,1,brenton,doyle
2024-05-01,678662,0.106,0.0,1,ezequiel,tovar
2024-05-01,656248,0.114,0.0,1,sean,bouchard
2024-05-01,665862,0.195,0.0,1,jazz,chisholm
2024-05-01,650559,0.003,0.0,1,bryan,de la cruz
2024-05-01,650333,0.218,0.0,1,luis,arráez
2024-05-01,687597,0.05,0.0,1,jordan,beck
2024-05-01,660707,0.204,0.0,1,elehuris,montero
2024-05-01,663898,0.062,0.0,1,brendan,rodgers
2024-05-01,542194,0.01,0.0,1,christian,bethancourt
2024-05-01,660644,0.689131,0.7,1,vidal,bruján
2024-05-01,656896,0.586,0.9,1,emmanuel,rivera
2024-05-01,624503,0.345,0.0,1,nick,gordon
2024-05-01,660821,0.689131,0.7,1,jesús,sánchez
2024-05-01,605137,0.004,0.0,1,josh,bell
2024-05-01,453568,0.23,0.0,1,charlie,blackmon
2024-05-01,553869,0.13,0.0,1,elías,díaz
2024-05-01,641857,0.762,1.25,1,ryan,mcmahon
2024-05-01,686668,0.689131,0.7,1,brenton,doyle
2024-05-01,678662,0.132,0.0,1,ezequiel,tovar
2024-05-01,665862,0.156,0.0,1,jazz,chisholm
2024-05-01,650559,0.795,1.25,1,bryan,de la cruz
2024-05-01,650333,0.74,0.9,1,luis,arráez
2024-05-01,542194,0.064,0.0,1,christian,bethancourt
2024-05-01,660644,0.284,0.0,1,vidal,bruján
2024-05-01,656896,0.720192,0.7,1,emmanuel,rivera
2024-05-01,656248,0.0,0.0,1,sean,bouchard
2024-05-01,687597,0.0,0.0,1,jordan,beck
2024-05-01,660707,0.856,0.9,1,elehuris,montero
2024-05-01,663898,0.67,0.0,1,brendan,rodgers
2024-05-01,624503,0.12,0.0,1,nick,gordon
2024-05-01,660821,0.352,0.9,1,jesús,sánchez
2024-05-01,605137,0.145,0.0,1,josh,bell
2024-05-01,665862,0.173,0.0,1,jazz,chisholm
2024-05-01,453568,0.0,0.0,1,charlie,blackmon
2024-05-01,553869,0.306,0.0,1,elías,díaz
2024-05-01,641857,1.2,0.0,1,ryan,mcmahon
2024-05-01,650559,0.124,0.0,1,bryan,de la cruz
2024-05-01,650333,0.137,0.0,1,luis,arráez
2024-05-01,542194,0.593,0.0,1,christian,bethancourt
2024-05-01,686668,0.145,0.0,1,brenton,doyle
2024-05-01,678662,0.0,0.0,1,ezequiel,tovar
2024-05-01,656248,0.468,0.0,1,sean,bouchard
2024-05-01,660644,0.118,0.0,1,vidal,bruján
2024-05-01,656896,0.879,0.9,1,emmanuel,rivera
2024-05-01,624503,0.081,0.0,1,nick,gordon
2024-05-01,660821,0.689131,0.7,1,jesús,sánchez
2024-05-01,605137,0.637,0.0,1,josh,bell
2024-05-01,687597,0.0,0.0,1,jordan,beck
2024-05-01,660707,0.101,0.0,1,elehuris,montero
2024-05-01,663898,0.0,0.0,1,brendan,rodgers
2024-05-01,665862,0.0,0.0,1,jazz,chisholm
2024-05-01,650559,0.0,0.0,1,bryan,de la cruz
2024-05-01,650333,0.193,0.0,1,luis,arráez
2024-05-01,453568,0.263,0.0,1,charlie,blackmon
2024-05-01,553869,0.173,0.9,1,elías,díaz
2024-05-01,641857,0.689131,0.7,1,ryan,mcmahon
2024-05-01,686668,0.003,0.0,1,brenton,doyle
2024-05-01,678662,0.0,0.0,1,ezequiel,tovar
2024-05-01,650490,0.132,0.0,1,yandy,díaz
2024-05-01,678554,0.057,0.0,1,curtis,mead
2024-05-01,666163,0.731,0.0,1,ben,rortvedt
2024-05-01,686217,0.368,0.0,1,sal,frelick
2024-05-01,663368,0.166,0.9,1,blake,perkins
2024-05-01,686554,0.689131,0.7,1,oliver,dunn
2024-05-01,668930,0.003,0.0,1,brice,turang
2024-05-01,641343,0.083,0.0,1,jake,bauers
2024-05-01,676609,0.138,0.0,1,josé,caballero
2024-05-01,592348,0.259,0.0,1,niko,goodrum
2024-05-01,668853,0.689131,0.7,1,austin,shenton
2024-05-01,642708,0.155,0.0,1,amed,rosario
2024-05-01,668227,0.689131,0.7,1,randy,arozarena
2024-05-01,680700,0.526,0.9,1,richie,palacios
2024-05-01,656555,0.0,0.0,1,rhys,hoskins
2024-05-01,686894,0.492,0.0,1,joey,wiemer
2024-05-01,642715,1.582,2.0,1,willy,adames
2024-05-01,661388,0.689131,0.7,1,william,contreras
2024-05-01,686217,0.008,0.0,1,sal,frelick
2024-05-01,663368,0.733,1.25,1,blake,perkins
2024-05-01,686554,0.572,0.9,1,oliver,dunn
2024-05-01,650490,0.23,0.0,1,yandy,díaz
2024-05-01,678554,0.0,0.0,1,curtis,mead
2024-05-01,666163,0.0,0.0,1,ben,rortvedt
2024-05-01,668930,0.0,0.0,1,brice,turang
2024-05-01,641343,0.689131,0.7,1,jake,bauers
2024-05-01,656555,0.041,0.0,1,rhys,hoskins
2024-05-01,672012,0.638,1.25,1,tyler,black
2024-05-01,642715,1.646,2.0,1,willy,adames
2024-05-01,661388,0.14,0.0,1,william,contreras
2024-05-01,676609,0.15,0.0,1,josé,caballero
2024-05-01,592348,0.2,0.0,1,niko,goodrum
2024-05-01,668853,0.142,0.0,1,austin,shenton
2024-05-01,642708,0.292,0.9,1,amed,rosario
2024-05-01,686217,0.25,0.0,1,sal,frelick
2024-05-01,663368,0.186,0.0,1,blake,perkins
2024-05-01,686554,0.0,0.0,1,oliver,dunn
2024-05-01,668227,0.057,0.0,1,randy,arozarena
2024-05-01,680700,0.689131,0.7,1,richie,palacios
2024-05-01,650490,0.463,0.0,1,yandy,díaz
2024-05-01,678554,0.732,0.0,1,curtis,mead
2024-05-01,668930,0.138,0.0,1,brice,turang
2024-05-01,641343,0.0,0.0,1,jake,bauers
2024-05-01,656555,0.884,1.25,1,rhys,hoskins
2024-05-01,672012,0.067,0.0,1,tyler,black
2024-05-01,666163,0.0,0.0,1,ben,rortvedt
2024-05-01,676609,0.289,0.9,1,josé,caballero
2024-05-01,592348,0.0,0.0,1,niko,goodrum
2024-05-01,668853,0.689131,0.7,1,austin,shenton
2024-05-01,642708,0.142,0.0,1,amed,rosario
2024-05-01,642715,0.28,0.0,1,willy,adames
2024-05-01,661388,0.793,1.25,1,william,contreras
2024-05-01,686217,0.024,0.0,1,sal,frelick
2024-05-01,663368,0.0,0.0,1,blake,perkins
2024-05-01,686554,0.388,0.9,1,oliver,dunn
2024-05-01,668930,0.529,0.9,1,brice,turang
2024-05-01,668227,0.0,0.0,1,randy,arozarena
2024-05-01,680700,0.398,0.0,1,richie,palacios
2024-05-01,650490,0.09,0.9,1,yandy,díaz
2024-05-01,641343,0.0,0.0,1,jake,bauers
2024-05-01,656555,0.056,0.0,1,rhys,hoskins
2024-05-01,672012,0.0,0.0,1,tyler,black
2024-05-01,678554,0.0,0.0,1,curtis,mead
2024-05-01,666163,0.921,0.9,1,ben,rortvedt
2024-05-01,676609,0.184,0.9,1,josé,caballero
2024-05-01,592348,1.225,0.0,1,niko,goodrum
2024-05-01,668853,0.026,0.0,1,austin,shenton
2024-05-01,642715,0.0,0.0,1,willy,adames
2024-05-01,661388,0.811,0.0,1,william,contreras
2024-05-01,686217,0.07,0.0,1,sal,frelick
2024-05-01,642708,0.0,0.0,1,amed,rosario
2024-05-01,668227,0.231,0.0,1,randy,arozarena
2024-05-01,680700,0.897,0.9,1,richie,palacios
2024-05-01,650490,0.231,0.0,1,yandy,díaz
2024-05-01,643446,0.018,0.0,1,jeff,mcneil
2024-05-01,502110,1.387,1.25,1,j. d.,martinez
2024-05-01,624413,0.720192,0.7,1,pete,alonso
2024-05-01,621563,0.234,0.0,1,joey,wendle
2024-05-01,670223,0.0,0.0,1,matt,mervis
2024-05-01,621020,0.0,0.0,1,dansby,swanson
2024-05-01,683737,0.0,0.0,1,michael,busch
2024-05-01,516782,0.0,0.0,1,starling,marte
2024-05-01,621438,0.0,0.0,1,tyrone,taylor
2024-05-01,621466,0.689131,0.7,1,dj,stewart
2024-05-01,683146,0.893,0.9,1,brett,baty
2024-05-01,607043,0.0,0.0,1,brandon,nimmo
2024-05-01,666624,0.0,0.0,1,christopher,morel
2024-05-01,664023,0.0,0.0,1,ian,happ
2024-05-01,643565,0.082,0.0,1,mike,tauchman
2024-05-01,663538,0.689131,0.7,1,nico,hoerner
2024-05-01,643446,0.513,0.0,1,jeff,mcneil
2024-05-01,502110,0.0,0.0,1,j. d.,martinez
2024-05-01,624413,0.195,0.0,1,pete,alonso
2024-05-01,691718,0.0,0.0,1,pete,crow-armstrong
2024-05-01,665804,0.117,0.0,1,miguel,amaya
2024-05-01,670223,0.0,0.0,1,matt,mervis
2024-05-01,621020,0.874,0.9,1,dansby,swanson
2024-05-01,621563,0.0,0.0,1,joey,wendle
2024-05-01,516782,0.295,0.0,1,starling,marte
2024-05-01,621438,0.0,0.0,1,tyrone,taylor
2024-05-01,683737,0.175,0.0,1,michael,busch
2024-05-01,666624,0.046,0.0,1,christopher,morel
2024-05-01,664023,0.044,0.9,1,ian,happ
2024-05-01,621512,0.026,0.0,1,tomás,nido
2024-05-01,683146,0.237,0.0,1,brett,baty
2024-05-01,664056,0.008,0.0,1,harrison,bader
2024-05-01,643446,0.264,0.9,1,jeff,mcneil
2024-05-01,643565,0.0,0.0,1,mike,tauchman
2024-05-01,663538,0.265,0.9,1,nico,hoerner
2024-05-01,691718,0.324,0.0,1,pete,crow-armstrong
2024-05-01,665804,0.646,0.0,1,miguel,amaya
2024-05-01,670223,1.44,1.25,1,matt,mervis
2024-05-01,502110,0.0,0.0,1,j. d.,martinez
2024-05-01,624413,0.0,0.0,1,pete,alonso
2024-05-01,621563,0.702,0.0,1,joey,wendle
2024-05-01,621020,0.0,0.0,1,dansby,swanson
2024-05-01,683737,0.082,0.0,1,michael,busch
2024-05-01,666624,0.063,0.0,1,christopher,morel
2024-05-01,516782,0.128,0.0,1,starling,marte
2024-05-01,621438,0.23,0.9,1,tyrone,taylor
2024-05-01,621512,0.098,0.0,1,tomás,nido
2024-05-01,683146,0.085,0.0,1,brett,baty
2024-05-01,664023,0.0,0.0,1,ian,happ
2024-05-01,643565,0.029,0.0,1,mike,tauchman
2024-05-01,663538,0.0,0.0,1,nico,hoerner
2024-05-01,664056,0.07,0.0,1,harrison,bader
2024-05-01,643446,0.804,0.9,1,jeff,mcneil
2024-05-01,502110,0.689131,0.7,1,j. d.,martinez
2024-05-01,624413,0.0,0.0,1,pete,alonso
2024-05-01,691718,0.061,0.0,1,pete,crow-armstrong
2024-05-01,665804,0.689131,0.7,1,miguel,amaya
2024-05-01,670223,0.04,0.0,1,matt,mervis
2024-05-01,621020,0.0,0.0,1,dansby,swanson
2024-05-01,596019,0.044,0.0,1,francisco,lindor
2024-05-01,516782,0.0,0.0,1,starling,marte
2024-05-01,621438,0.57,0.0,1,tyrone,taylor
2024-05-01,683737,0.0,0.0,1,michael,busch
2024-05-01,666624,0.0,0.0,1,christopher,morel
2024-05-01,664023,0.0,0.0,1,ian,happ
2024-05-01,643565,0.689131,0.7,1,mike,tauchman
2024-05-01,663538,0.102,1.25,1,nico,hoerner
2024-05-01,663647,0.194,0.0,1,ke'bryan,hayes
2024-05-01,680779,0.0,0.0,1,henry,davis
2024-05-01,669261,0.283,0.0,1,jack,suwinski
2024-05-01,676116,0.0,0.0,1,ryan,noda
2024-05-01,687231,0.317,0.0,1,darell,hernaiz
2024-05-01,668832,0.878,0.9,1,kyle,mccann
2024-05-01,664913,0.003,0.0,1,seth,brown
2024-05-01,647351,0.689131,0.7,1,abraham,toro
2024-05-01,669707,0.08,0.0,1,jared,triolo
2024-05-01,457705,0.689131,0.7,1,andrew,mccutchen
2024-05-01,658668,0.014,0.0,1,edward,olivares
2024-05-01,665833,0.006,0.0,1,oneil,cruz
2024-05-01,656582,0.689131,0.7,1,connor,joe
2024-05-01,669127,0.0,0.0,1,shea,langeliers
2024-05-01,668709,0.0,0.0,1,jj,bleday
2024-05-01,663527,0.536,0.0,1,tyler,nevin
2024-05-01,668804,0.0,0.0,1,bryan,reynolds
2024-05-01,663647,0.689131,0.7,1,ke'bryan,hayes
2024-05-01,680779,0.689131,0.7,1,henry,davis
2024-05-01,669261,0.0,0.0,1,jack,suwinski
2024-05-01,669707,0.793,0.9,1,jared,triolo
2024-05-01,457705,0.106,0.0,1,andrew,mccutchen
2024-05-01,671732,0.043,0.0,1,lawrence,butler
2024-05-01,676116,0.689131,0.7,1,ryan,noda
2024-05-01,687231,0.45,0.0,1,darell,hernaiz
2024-05-01,668832,0.052,0.0,1,kyle,mccann
2024-05-01,658668,0.316,0.0,1,edward,olivares
2024-05-01,665833,0.0,0.0,1,oneil,cruz
2024-05-01,656582,0.228,0.0,1,connor,joe
2024-05-01,664913,0.118,0.0,1,seth,brown
2024-05-01,647351,0.511,0.9,1,abraham,toro
2024-05-01,669127,0.689131,0.7,1,shea,langeliers
2024-05-01,668709,0.689131,0.7,1,jj,bleday
2024-05-01,671732,0.084,0.0,1,lawrence,butler
2024-05-01,676116,0.124,0.0,1,ryan,noda
2024-05-01,668804,0.147,0.0,1,bryan,reynolds
2024-05-01,663647,0.364,0.0,1,ke'bryan,hayes
2024-05-01,680779,1.169,0.0,1,henry,davis
2024-05-01,687231,0.223,0.0,1,darell,hernaiz
2024-05-01,668832,0.682,0.0,1,kyle,mccann
2024-05-01,664913,0.062,0.0,1,seth,brown
2024-05-01,647351,0.412,0.9,1,abraham,toro
2024-05-01,669261,0.022,0.0,1,jack,suwinski
2024-05-01,669707,0.101,0.9,1,jared,triolo
2024-05-01,642133,0.094,0.0,1,rowdy,tellez
2024-05-01,658668,0.271,0.0,1,edward,olivares
2024-05-01,665833,0.35,0.9,1,oneil,cruz
2024-05-01,669127,0.0,0.0,1,shea,langeliers
2024-05-01,668709,0.689131,0.7,1,jj,bleday
2024-05-01,663527,0.732,2.0,1,tyler,nevin
2024-05-01,671732,0.127,0.0,1,lawrence,butler
2024-05-01,676116,0.0,0.0,1,ryan,noda
2024-05-01,656582,0.217,0.0,1,connor,joe
2024-05-01,668804,0.584,1.25,1,bryan,reynolds
2024-05-01,663647,0.035,0.0,1,ke'bryan,hayes
2024-05-01,680779,0.0,0.0,1,henry,davis
2024-05-01,687231,0.811,0.0,1,darell,hernaiz
2024-05-01,668832,0.774,0.9,1,kyle,mccann
2024-05-01,664913,0.528,0.0,1,seth,brown
2024-05-01,647351,1.281,2.0,1,abraham,toro
2024-05-01,669127,0.0,0.0,1,shea,langeliers
2024-05-01,669261,0.44,0.0,1,jack,suwinski
2024-05-01,669707,0.213,0.9,1,jared,triolo
2024-05-01,642133,0.507,0.9,1,rowdy,tellez
2024-05-01,658668,0.152,0.0,1,edward,olivares
2024-05-01,665833,0.162,0.0,1,oneil,cruz
2024-05-01,668709,0.12,0.0,1,jj,bleday
2024-05-01,663527,0.601,0.0,1,tyler,nevin
2024-05-01,671732,0.008,0.0,1,lawrence,butler
2024-05-01,656582,0.038,0.0,1,connor,joe
2024-05-01,668804,0.02,0.0,1,bryan,reynolds
2024-05-01,663647,0.427,0.0,1,ke'bryan,hayes
2024-05-01,669289,0.452,0.0,1,santiago,espinal
2024-05-01,605361,0.005,0.0,1,nick,martini
2024-05-01,663697,0.115,0.0,1,jonathan,india
2024-05-01,642180,0.078,0.0,1,tyler,wade
2024-05-01,673490,0.013,0.0,1,ha-seong,kim
2024-05-01,701538,0.241,0.0,1,jackson,merrill
2024-05-01,668715,0.111,0.0,1,spencer,steer
2024-05-01,682829,0.720192,0.7,1,elly,de la cruz
2024-05-01,666181,0.235,0.0,1,will,benson
2024-05-01,656413,0.646,0.0,1,stuart,fairchild
2024-05-01,669134,0.016,0.0,1,luis,campusano
2024-05-01,666703,0.0,0.0,1,eguy,rosario
2024-05-01,592518,0.0,0.0,1,manny,machado
2024-05-01,630105,1.937,2.0,1,jake,cronenworth
2024-05-01,665487,0.689131,0.7,1,fernando,tatís
2024-05-01,595777,0.879,0.9,1,jurickson,profar
2024-05-01,642180,0.286,0.9,1,tyler,wade
2024-05-01,571912,0.0,0.0,1,luke,maile
2024-05-01,600869,0.0,0.0,1,jeimer,candelario
2024-05-01,669289,0.689131,0.7,1,santiago,espinal
2024-05-01,605361,0.0,0.0,1,nick,martini
2024-05-01,663697,0.689131,0.7,1,jonathan,india
2024-05-01,673490,0.064,0.0,1,ha-seong,kim
2024-05-01,701538,0.0,0.0,1,jackson,merrill
2024-05-01,669134,0.148,0.0,1,luis,campusano
2024-05-01,668715,0.0,0.0,1,spencer,steer
2024-05-01,682829,0.0,0.0,1,elly,de la cruz
2024-05-01,666181,0.053,0.0,1,will,benson
2024-05-01,688363,0.066,0.0,1,graham,pauley
2024-05-01,592518,1.371,0.0,1,manny,machado
2024-05-01,630105,0.104,0.0,1,jake,cronenworth
2024-05-01,656413,0.0,0.0,1,stuart,fairchild
2024-05-01,571912,0.052,0.0,1,luke,maile
2024-05-01,600869,0.611,0.9,1,jeimer,candelario
2024-05-01,669289,0.572,1.25,1,santiago,espinal
2024-05-01,665487,0.094,0.0,1,fernando,tatís
2024-05-01,595777,0.677,0.9,1,jurickson,profar
2024-05-01,642180,0.216,0.0,1,tyler,wade
2024-05-01,673490,0.733,0.9,1,ha-seong,kim
2024-05-01,701538,0.119,0.9,1,jackson,merrill
2024-05-01,669134,0.172,0.0,1,luis,campusano
2024-05-01,605361,0.151,0.0,1,nick,martini
2024-05-01,663697,0.0,0.0,1,jonathan,india
2024-05-01,668715,0.27,0.0,1,spencer,steer
2024-05-01,682829,0.378,1.25,1,elly,de la cruz
2024-05-01,688363,0.211,0.0,1,graham,pauley
2024-05-01,592518,0.798,0.9,1,manny,machado
2024-05-01,630105,0.012,0.0,1,jake,cronenworth
2024-05-01,665487,0.0,0.0,1,fernando,tatís
2024-05-01,595777,0.728,0.9,1,jurickson,profar
2024-05-01,666181,0.0,0.0,1,will,benson
2024-05-01,656413,0.0,0.0,1,stuart,fairchild
2024-05-01,571912,0.0,0.0,1,luke,maile
2024-05-01,642180,0.016,0.0,1,tyler,wade
2024-05-01,673490,0.689131,0.7,1,ha-seong,kim
2024-05-01,701538,0.201,0.0,1,jackson,merrill
2024-05-01,669134,0.208,0.0,1,luis,campusano
2024-05-01,600869,0.299,0.0,1,jeimer,candelario
2024-05-01,669289,0.494,0.0,1,santiago,espinal
2024-05-01,605361,0.057,0.0,1,nick,martini
2024-05-01,688363,0.0,0.0,1,graham,pauley
2024-05-01,592518,1.582,0.0,1,manny,machado
2024-05-01,630105,0.689131,0.7,1,jake,cronenworth
2024-05-01,665487,0.0,0.0,1,fernando,tatís
2024-05-01,595777,0.581,0.9,1,jurickson,profar
2024-05-01,663697,0.0,0.0,1,jonathan,india
2024-05-01,668715,0.985,2.0,1,spencer,steer
2024-05-01,682829,0.0,0.0,1,elly,de la cruz
2024-05-01,666181,0.241,0.0,1,will,benson
2024-05-01,663728,0.128,0.0,1,cal,raleigh
2024-05-01,593871,0.062,0.0,1,jorge,polanco
2024-05-01,571745,0.024,0.0,1,mitch,haniger
2024-05-01,677594,0.384,0.9,1,julio,rodríguez
2024-05-01,670042,0.689131,0.7,1,luke,raley
2024-05-01,663586,0.682,0.0,1,austin,riley
2024-05-01,645277,0.067,0.0,1,ozzie,albies
2024-05-01,660670,0.0,0.0,1,ronald,acuña
2024-05-01,668942,0.02,0.0,1,josh,rojas
2024-05-01,649966,0.104,0.0,1,luis,urías
2024-05-01,664238,0.068,0.0,1,dylan,moore
2024-05-01,644433,0.853,0.0,1,chadwick,tromp
2024-05-01,606115,0.009,0.0,1,orlando,arcia
2024-05-01,671739,0.556,0.0,1,michael,harris
2024-05-01,664034,0.0,0.0,1,ty,france
2024-05-01,663728,0.689131,0.7,1,cal,raleigh
2024-05-01,593871,0.662,0.9,1,jorge,polanco
2024-05-01,571745,0.032,0.0,1,mitch,haniger
2024-05-01,677594,0.855,1.25,1,julio,rodríguez
2024-05-01,664874,0.0,0.0,1,seby,zavala
2024-05-01,594807,0.0,0.0,1,adam,duvall
2024-05-01,542303,0.689131,0.7,1,marcell,ozuna
2024-05-01,621566,0.554,0.0,1,matt,olson
2024-05-01,663586,0.003,0.0,1,austin,riley
2024-05-01,664059,0.0,0.0,1,sam,haggerty
2024-05-01,649966,0.022,0.0,1,luis,urías
2024-05-01,664238,0.059,0.0,1,dylan,moore
2024-05-01,664034,0.742,0.9,1,ty,france
2024-05-01,645277,0.012,0.0,1,ozzie,albies
2024-05-01,660670,0.0,0.0,1,ronald,acuña
2024-05-01,644433,0.07,0.0,1,chadwick,tromp
2024-05-01,663728,0.0,0.0,1,cal,raleigh
2024-05-01,593871,0.178,0.9,1,jorge,polanco
2024-05-01,571745,0.0,0.0,1,mitch,haniger
2024-05-01,677594,0.289,0.0,1,julio,rodríguez
2024-05-01,664874,0.05,1.25,1,seby,zavala
2024-05-01,606115,0.404,0.0,1,orlando,arcia
2024-05-01,671739,0.01,0.0,1,michael,harris
2024-05-01,594807,0.004,0.0,1,adam,duvall
2024-05-01,664059,0.142,0.0,1,sam,haggerty
2024-05-01,649966,0.720192,0.7,1,luis,urías
2024-05-01,664238,0.468,0.9,1,dylan,moore
2024-05-01,664034,0.934,0.9,1,ty,france
2024-05-01,663728,0.07,0.0,1,cal,raleigh
2024-05-01,593871,0.0,0.0,1,jorge,polanco
2024-05-01,542303,0.007,0.0,1,marcell,ozuna
2024-05-01,621566,0.817,0.9,1,matt,olson
2024-05-01,663586,1.249,1.6,1,austin,riley
2024-05-01,645277,0.879,0.9,1,ozzie,albies
2024-05-01,660670,0.485,0.9,1,ronald,acuña
2024-05-01,644433,0.192,0.0,1,chadwick,tromp
2024-05-01,606115,0.01,0.9,1,orlando,arcia
2024-05-01,671739,0.131,0.0,1,michael,harris
2024-05-01,571745,0.0,0.0,1,mitch,haniger
2024-05-01,677594,0.387,0.9,1,julio,rodríguez
2024-05-01,664874,0.48,0.9,1,seby,zavala
2024-05-01,664059,0.0,0.0,1,sam,haggerty
2024-05-01,649966,0.101,0.0,1,luis,urías
2024-05-01,594807,0.0,0.0,1,adam,duvall
2024-05-01,542303,0.689131,0.7,1,marcell,ozuna
2024-05-01,621566,0.689131,0.7,1,matt,olson
2024-05-01,663586,0.579,0.9,1,austin,riley
2024-05-01,645277,0.003,0.0,1,ozzie,albies
2024-05-01,660670,0.932,0.9,1,ronald,acuña
2024-05-01,644433,0.021,0.0,1,chadwick,tromp
2024-05-01,664238,0.0,0.0,1,dylan,moore
2024-05-01,664034,0.238,0.0,1,ty,france
2024-05-01,663728,0.0,0.0,1,cal,raleigh
2024-05-01,606115,0.543,0.0,1,orlando,arcia
2024-05-01,671739,0.038,0.0,1,michael,harris
2024-05-01,594807,0.0,0.0,1,adam,duvall
2024-05-01,593871,0.0,0.0,1,jorge,polanco
2024-05-01,571745,0.0,0.0,1,mitch,haniger
2024-05-01,677594,0.109,0.0,1,julio,rodríguez
2024-05-01,542303,0.0,0.0,1,marcell,ozuna
2024-05-01,621566,0.0,0.0,1,matt,olson
2024-05-01,663586,0.689131,0.7,1,austin,riley
2024-05-01,645277,0.689131,0.7,1,ozzie,albies
2024-05-01,660670,0.0,0.0,1,ronald,acuña
2024-05-01,608369,0.0,0.0,1,corey,seager
2024-05-01,543760,0.0,0.0,1,marcus,semien
2024-05-01,665750,0.0,0.0,1,leody,taveras
2024-05-01,669222,0.23,0.0,1,nick,senzel
2024-05-01,682928,0.088,0.0,1,cj,abrams
2024-05-01,696285,0.133,0.9,1,jacob,young
2024-05-01,641680,0.146,0.0,1,jonah,heim
2024-05-01,694671,0.725,0.9,1,wyatt,langford
2024-05-01,669701,0.139,0.0,1,josh,smith
2024-05-01,694497,0.0,0.0,1,evan,carter
2024-05-01,656180,0.0,0.0,1,riley,adams
2024-05-01,702358,0.353,0.0,1,trey,lipscomb
2024-05-01,669743,0.103,0.0,1,alex,call
2024-05-01,666969,0.0,0.0,1,adolis,garcía
2024-05-01,663993,0.689131,0.7,1,nathaniel,lowe
2024-05-01,608369,1.511,0.0,1,corey,seager
2024-05-01,543760,0.124,0.0,1,marcus,semien
2024-05-01,665750,0.689131,0.7,1,leody,taveras
2024-05-01,545121,0.096,0.0,1,ildemaro,vargas
2024-05-01,608841,0.154,0.0,1,joey,meneses
2024-05-01,608385,0.073,0.0,1,jesse,winker
2024-05-01,669222,0.422,0.9,1,nick,senzel
2024-05-01,641680,0.0,0.0,1,jonah,heim
2024-05-01,694671,0.47,0.0,1,wyatt,langford
2024-05-01,669701,0.008,0.0,1,josh,smith
2024-05-01,682928,0.0,0.0,1,cj,abrams
2024-05-01,696285,0.305,0.0,1,jacob,young
2024-05-01,656180,0.453,0.0,1,riley,adams
2024-05-01,694497,0.097,0.0,1,evan,carter
2024-05-01,666969,0.0,0.0,1,adolis,garcía
2024-05-01,663993,0.14,0.0,1,nathaniel,lowe
2024-05-01,608369,0.689131,0.7,1,corey,seager
2024-05-01,543760,0.519,0.9,1,marcus,semien
2024-05-01,665750,0.424,0.9,1,leody,taveras
2024-05-01,702358,0.3,0.0,1,trey,lipscomb
2024-05-01,669743,0.005,0.0,1,alex,call
2024-05-01,545121,0.023,0.0,1,ildemaro,vargas
2024-05-01,641680,0.075,0.0,1,jonah,heim
2024-05-01,694671,0.343,0.0,1,wyatt,langford
2024-05-01,669701,0.689131,0.7,1,josh,smith
2024-05-01,608841,0.406,0.0,1,joey,meneses
2024-05-01,608385,0.0,0.0,1,jesse,winker
2024-05-01,669222,0.822,0.9,1,nick,senzel
2024-05-01,694497,0.071,0.0,1,evan,carter
2024-05-01,666969,0.689131,0.7,1,adolis,garcía
2024-05-01,663993,0.689131,0.7,1,nathaniel,lowe
2024-05-01,608369,0.45,0.0,1,corey,seager
2024-05-01,543760,0.885,0.0,1,marcus,semien
2024-05-01,682928,0.292,0.0,1,cj,abrams
2024-05-01,696285,0.0,0.0,1,jacob,young
2024-05-01,656180,0.061,0.0,1,riley,adams
2024-05-01,665750,0.169,0.0,1,leody,taveras
2024-05-01,641680,0.0,0.0,1,jonah,heim
2024-05-01,694671,0.091,0.0,1,wyatt,langford
2024-05-01,669701,0.9,0.9,1,josh,smith
2024-05-01,694497,0.413,0.9,1,evan,carter
2024-05-01,666969,0.262,0.9,1,adolis,garcía
2024-05-01,702358,0.139,0.0,1,trey,lipscomb
2024-05-01,669743,0.893,0.9,1,alex,call
2024-05-01,545121,0.4,1.25,1,ildemaro,vargas
2024-05-01,608841,0.005,0.0,1,joey,meneses
2024-05-01,663993,0.005,0.0,1,nathaniel,lowe
2024-05-01,608369,0.048,0.0,1,corey,seager
2024-05-01,543760,0.0,0.0,1,marcus,semien
2024-05-01,608385,0.0,0.0,1,jesse,winker
2024-05-01,669222,0.191,0.0,1,nick,senzel
2024-05-01,682928,0.367,0.0,1,cj,abrams
2024-05-01,643376,0.0,0.0,1,danny,jansen
2024-05-01,662139,0.021,0.0,1,daulton,varsho
2024-05-01,596129,0.611,1.25,1,dan,vogelbach
2024-05-01,666182,0.546,0.0,1,bo,bichette
2024-05-01,664728,0.072,0.0,1,kyle,isbel
2024-05-01,592669,0.0,0.0,1,hunter,renfroe
2024-05-01,641658,0.124,0.0,1,garrett,hampson
2024-05-01,665489,0.0,0.0,1,vladimir,guerrero
2024-05-01,543807,0.384,0.9,1,george,springer
2024-05-01,680718,0.0,0.0,1,addison,barger
2024-05-01,643396,0.043,0.0,1,isiah,kiner-falefa
2024-05-01,676369,0.003,0.0,1,nelson,velázquez
2024-05-01,686681,0.364,2.0,1,michael,massey
2024-05-01,521692,0.28,0.0,1,salvador,pérez
2024-05-01,686469,0.186,0.9,1,vinnie,pasquantino
2024-05-01,677951,0.065,0.9,1,bobby,witt
2024-05-01,672580,0.0,0.0,1,maikel,garcía
2024-05-01,676914,0.0,0.0,1,davis,schneider
2024-05-01,643376,1.044,2.0,1,danny,jansen
2024-05-01,662139,0.0,0.0,1,daulton,varsho
2024-05-01,596129,0.0,0.0,1,dan,vogelbach
2024-05-01,664728,0.13,0.0,1,kyle,isbel
2024-05-01,624428,0.0,0.0,1,adam,frazier
2024-05-01,669004,0.012,0.0,1,mj,melendez
2024-05-01,666182,0.202,0.0,1,bo,bichette
2024-05-01,665489,0.0,0.0,1,vladimir,guerrero
2024-05-01,543807,0.123,0.0,1,george,springer
2024-05-01,676369,0.0,0.0,1,nelson,velázquez
2024-05-01,686681,0.252,0.0,1,michael,massey
2024-05-01,521692,0.318,0.9,1,salvador,pérez
2024-05-01,686469,1.437,1.25,1,vinnie,pasquantino
2024-05-01,677951,0.198,0.9,1,bobby,witt
2024-05-01,664728,0.863,1.25,1,kyle,isbel
2024-05-01,680718,0.112,0.0,1,addison,barger
2024-05-01,643396,0.093,0.0,1,isiah,kiner-falefa
2024-05-01,676914,0.0,0.0,1,davis,schneider
2024-05-01,624428,0.085,0.0,1,adam,frazier
2024-05-01,669004,0.0,0.0,1,mj,melendez
2024-05-01,676369,0.152,0.0,1,nelson,velázquez
2024-05-01,643376,0.107,0.0,1,danny,jansen
2024-05-01,662139,0.689131,0.7,1,daulton,varsho
2024-05-01,596129,0.103,0.0,1,dan,vogelbach
2024-05-01,666182,0.207,0.0,1,bo,bichette
2024-05-01,665489,0.689131,0.7,1,vladimir,guerrero
2024-05-01,686681,0.0,0.0,1,michael,massey
2024-05-01,521692,0.720192,0.7,1,salvador,pérez
2024-05-01,686469,0.388,0.0,1,vinnie,pasquantino
2024-05-01,677951,0.308,0.0,1,bobby,witt
2024-05-01,543807,0.392,0.0,1,george,springer
2024-05-01,680718,0.0,0.0,1,addison,barger
2024-05-01,643396,0.332,0.0,1,isiah,kiner-falefa
2024-05-01,672580,0.241,0.0,1,maikel,garcía
2024-05-01,664728,0.025,0.0,1,kyle,isbel
2024-05-01,624428,0.081,0.0,1,adam,frazier
2024-05-01,676914,0.627,0.0,1,davis,schneider
2024-05-01,643376,0.0,0.0,1,danny,jansen
2024-05-01,662139,0.0,0.0,1,daulton,varsho
2024-05-01,669004,0.304,0.0,1,mj,melendez
2024-05-01,676369,0.259,0.0,1,nelson,velázquez
2024-05-01,686681,0.388,0.0,1,michael,massey
2024-05-01,596129,0.041,0.0,1,dan,vogelbach
2024-05-01,666182,0.57,0.0,1,bo,bichette
2024-05-01,665489,0.868,0.9,1,vladimir,guerrero
2024-05-01,543807,0.0,0.0,1,george,springer
2024-05-01,521692,0.073,0.0,1,salvador,pérez
2024-05-01,686469,0.689131,0.7,1,vinnie,pasquantino
2024-05-01,677951,0.0,0.0,1,bobby,witt
2024-05-01,672580,0.0,0.0,1,maikel,garcía
2024-05-02,663330,0.0,0.0,1,jahmai,jones
2024-05-02,624431,0.0,0.0,1,jose,trevino
2024-05-02,665828,0.006,0.0,1,oswaldo,cabrera
2024-05-02,543510,0.672,0.0,1,james,mccann
2024-05-02,681297,0.0,0.0,1,colton,cowser
2024-05-02,622761,0.725,0.0,1,jorge,mateo
2024-05-02,657077,0.037,0.0,1,alex,verdugo
2024-05-02,650402,0.0,0.0,1,gleyber,torres
2024-05-02,519203,0.0,0.0,1,anthony,rizzo
2024-05-02,676059,0.142,0.0,1,jordan,westburg
2024-05-02,623993,0.05,0.0,1,anthony,santander
2024-05-02,663624,0.0,0.0,1,ryan,mountcastle
2024-05-02,592450,0.0,0.0,1,aaron,judge
2024-05-02,665742,0.91,0.9,1,juan,soto
2024-05-02,683011,0.112,0.0,1,anthony,volpe
2024-05-02,663757,0.0,0.0,1,trent,grisham
2024-05-02,668939,0.07,0.0,1,adley,rutschman
2024-05-02,683002,0.0,0.0,1,gunnar,henderson
2024-05-02,656775,0.013,0.0,1,cedric,mullins
2024-05-02,669224,0.314,0.0,1,austin,wells
2024-05-02,665828,0.303,0.0,1,oswaldo,cabrera
2024-05-02,657077,0.689131,0.7,1,alex,verdugo
2024-05-02,650402,1.113,2.0,1,gleyber,torres
2024-05-02,543510,0.265,0.0,1,james,mccann
2024-05-02,681297,0.720192,0.7,1,colton,cowser
2024-05-02,622761,0.706,0.0,1,jorge,mateo
2024-05-02,676059,0.862,1.6,1,jordan,westburg
2024-05-02,623993,0.436,0.9,1,anthony,santander
2024-05-02,663624,0.611,0.9,1,ryan,mountcastle
2024-05-02,668939,0.217,1.25,1,adley,rutschman
2024-05-02,519203,0.0,0.0,1,anthony,rizzo
2024-05-02,592450,0.689131,0.7,1,aaron,judge
2024-05-02,665742,1.012,1.6,1,juan,soto
2024-05-02,683011,0.0,0.0,1,anthony,volpe
2024-05-02,663757,0.0,0.0,1,trent,grisham
2024-05-02,683002,0.08,0.0,1,gunnar,henderson
2024-05-02,663630,1.538,2.0,1,ryan,mckenna
2024-05-02,543510,0.174,0.0,1,james,mccann
2024-05-02,681297,0.0,0.0,1,colton,cowser
2024-05-02,622761,1.867,2.0,1,jorge,mateo
2024-05-02,669224,0.0,0.0,1,austin,wells
2024-05-02,665828,0.095,0.0,1,oswaldo,cabrera
2024-05-02,657077,0.52,0.9,1,alex,verdugo
2024-05-02,676059,0.0,0.0,1,jordan,westburg
2024-05-02,623993,0.720192,0.7,1,anthony,santander
2024-05-02,663624,1.911,2.0,1,ryan,mountcastle
2024-05-02,668939,0.71,0.0,1,adley,rutschman
2024-05-02,683002,0.003,0.0,1,gunnar,henderson
2024-05-02,650402,0.046,0.0,1,gleyber,torres
2024-05-02,519203,0.886,0.9,1,anthony,rizzo
2024-05-02,592450,0.104,0.0,1,aaron,judge
2024-05-02,665742,0.0,0.0,1,juan,soto
2024-05-02,683011,0.187,1.25,1,anthony,volpe
2024-05-02,663630,0.686,0.0,1,ryan,mckenna
2024-05-02,543510,0.0,0.0,1,james,mccann
2024-05-02,681297,0.0,0.0,1,colton,cowser
2024-05-02,622761,0.720192,0.7,1,jorge,mateo
2024-05-02,676059,0.91,0.9,1,jordan,westburg
2024-05-02,623993,0.784,0.9,1,anthony,santander
2024-05-02,663757,0.0,0.0,1,trent,grisham
2024-05-02,669224,0.291,0.0,1,austin,wells
2024-05-02,665828,0.068,0.0,1,oswaldo,cabrera
2024-05-02,663624,0.385,0.0,1,ryan,mountcastle
2024-05-02,668939,0.0,0.0,1,adley,rutschman
2024-05-02,683002,0.0,0.0,1,gunnar,henderson
2024-05-02,657077,0.106,0.0,1,alex,verdugo
2024-05-02,650402,0.689131,0.7,1,gleyber,torres
2024-05-02,519203,0.720192,0.7,1,anthony,rizzo
2024-05-02,592450,,0.7,1,aaron,judge
2024-05-02,665742,0.357,0.0,1,juan,soto
2024-05-02,683011,0.0,0.0,1,anthony,volpe
2024-05-02,678882,0.235,0.0,1,ceddanne,rafaela
2024-05-02,624512,0.0,0.0,1,reese,mcguire
2024-05-02,643265,0.122,0.0,1,garrett,cooper
2024-05-02,642731,0.081,0.0,1,thairo,estrada
2024-05-02,656305,0.412,0.0,1,matt,chapman
2024-05-02,672275,0.397,0.0,1,patrick,bailey
2024-05-02,657136,0.169,0.0,1,connor,wong
2024-05-02,677800,0.0,0.0,1,wilyer,abreu
2024-05-02,641933,0.254,0.0,1,tyler,o'neill
2024-05-02,624424,0.0,0.0,1,michael,conforto
2024-05-02,527038,0.0,0.0,1,wilmer,flores
2024-05-02,624585,0.003,0.0,1,jorge,soler
2024-05-02,646240,0.0,0.0,1,rafael,devers
2024-05-02,680776,0.104,0.0,1,jarren,duran
2024-05-02,670097,0.007,0.0,1,zack,short
2024-05-02,808982,0.199,0.0,1,jung hoo,lee
2024-05-02,605113,0.215,0.0,1,nick,ahmed
2024-05-02,596103,0.0,0.0,1,austin,slater
2024-05-02,642731,0.096,0.9,1,thairo,estrada
2024-05-02,656305,0.449,0.9,1,matt,chapman
2024-05-02,672275,0.731,0.9,1,patrick,bailey
2024-05-02,678882,0.456,0.0,1,ceddanne,rafaela
2024-05-02,666915,0.0,0.0,1,bobby,dalbec
2024-05-02,643265,0.921,0.9,1,garrett,cooper
2024-05-02,657136,0.13,0.0,1,connor,wong
2024-05-02,624424,0.013,0.0,1,michael,conforto
2024-05-02,527038,0.914,0.9,1,wilmer,flores
2024-05-02,624585,0.046,0.0,1,jorge,soler
2024-05-02,808982,0.003,0.0,1,jung hoo,lee
2024-05-02,608701,0.209,0.0,1,rob,refsnyder
2024-05-02,641933,0.689131,0.7,1,tyler,o'neill
2024-05-02,646240,0.0,0.0,1,rafael,devers
2024-05-02,605113,0.091,0.0,1,nick,ahmed
2024-05-02,573262,0.0,0.0,1,mike,yastrzemski
2024-05-02,642731,0.118,0.0,1,thairo,estrada
2024-05-02,680776,0.708,0.0,1,jarren,duran
2024-05-02,670097,0.0,0.0,1,zack,short
2024-05-02,678882,0.007,1.25,1,ceddanne,rafaela
2024-05-02,666915,0.097,0.0,1,bobby,dalbec
2024-05-02,656305,0.008,0.0,1,matt,chapman
2024-05-02,672275,0.059,0.0,1,patrick,bailey
2024-05-02,624424,0.533,0.0,1,michael,conforto
2024-05-02,643265,0.519,0.0,1,garrett,cooper
2024-05-02,657136,0.0,0.0,1,connor,wong
2024-05-02,608701,0.689131,0.7,1,rob,refsnyder
2024-05-02,641933,0.05,1.25,1,tyler,o'neill
2024-05-02,646240,0.455,0.9,1,rafael,devers
2024-05-02,527038,0.456,0.0,1,wilmer,flores
2024-05-02,624585,0.891,0.9,1,jorge,soler
2024-05-02,808982,0.221,0.0,1,jung hoo,lee
2024-05-02,605113,0.011,0.0,1,nick,ahmed
2024-05-02,573262,1.012,2.0,1,mike,yastrzemski
2024-05-02,680776,0.0,0.0,1,jarren,duran
2024-05-02,670097,0.0,0.0,1,zack,short
2024-05-02,678882,0.0,0.0,1,ceddanne,rafaela
2024-05-02,666915,0.689131,0.7,1,bobby,dalbec
2024-05-02,642731,0.094,0.0,1,thairo,estrada
2024-05-02,656305,0.689131,0.7,1,matt,chapman
2024-05-02,672275,0.01,0.0,1,patrick,bailey
2024-05-02,643265,0.006,0.0,1,garrett,cooper
2024-05-02,657136,0.689131,0.7,1,connor,wong
2024-05-02,608701,0.0,0.0,1,rob,refsnyder
2024-05-02,641933,0.689131,0.7,1,tyler,o'neill
2024-05-02,646240,0.720192,0.7,1,rafael,devers
2024-05-02,680776,0.159,0.0,1,jarren,duran
2024-05-02,624424,0.067,0.0,1,michael,conforto
2024-05-02,527038,0.689131,0.7,1,wilmer,flores
2024-05-02,624585,0.122,0.0,1,jorge,soler
2024-05-02,808982,1.582,0.0,1,jung hoo,lee
2024-05-02,680757,0.116,0.0,1,steven,kwan
2024-05-02,677587,0.003,0.0,1,brayan,rocchio
2024-05-02,672356,0.758,1.25,1,gabriel,arias
2024-05-02,666310,0.881,0.0,1,bo,naylor
2024-05-02,670541,0.0,0.0,1,yordan,álvarez
2024-05-02,608324,0.094,0.0,1,alex,bregman
2024-05-02,514888,0.0,0.0,1,josé,altuve
2024-05-02,664314,0.416,0.0,1,estevan,florial
2024-05-02,686823,0.377,0.9,1,will,brennan
2024-05-02,647304,0.219,0.0,1,josh,naylor
2024-05-02,608070,0.28,0.0,1,josé,ramírez
2024-05-02,665926,0.786,0.9,1,andrés,giménez
2024-05-02,676694,0.0,0.0,1,jake,meyers
2024-05-02,643289,0.720192,0.7,1,mauricio,dubón
2024-05-02,572138,0.345,0.0,1,jon,singleton
2024-05-02,673237,0.854,0.9,1,yainer,diaz
2024-05-02,665161,0.720192,0.7,1,jeremy,peña
2024-05-02,663656,0.689131,0.7,1,kyle,tucker
2024-05-02,670541,0.0,0.0,1,yordan,álvarez
2024-05-02,608324,0.689131,0.7,1,alex,bregman
2024-05-02,514888,0.751,0.9,1,josé,altuve
2024-05-02,676694,0.685,1.6,1,jake,meyers
2024-05-02,680757,0.13,0.0,1,steven,kwan
2024-05-02,677587,0.689131,0.7,1,brayan,rocchio
2024-05-02,672356,0.207,0.0,1,gabriel,arias
2024-05-02,666310,0.369,0.0,1,bo,naylor
2024-05-02,643289,0.006,0.0,1,mauricio,dubón
2024-05-02,572138,0.116,2.0,1,jon,singleton
2024-05-02,673237,0.0,0.0,1,yainer,diaz
2024-05-02,665161,1.551,1.6,1,jeremy,peña
2024-05-02,663656,0.0,0.0,1,kyle,tucker
2024-05-02,664314,0.0,0.0,1,estevan,florial
2024-05-02,686823,0.198,0.9,1,will,brennan
2024-05-02,647304,0.875,0.0,1,josh,naylor
2024-05-02,608070,0.689131,0.7,1,josé,ramírez
2024-05-02,670541,0.076,0.0,1,yordan,álvarez
2024-05-02,608324,0.0,0.0,1,alex,bregman
2024-05-02,514888,0.401,0.9,1,josé,altuve
2024-05-02,676694,0.689131,0.7,1,jake,meyers
2024-05-02,643289,0.013,0.0,1,mauricio,dubón
2024-05-02,665926,0.44,0.0,1,andrés,giménez
2024-05-02,680757,0.021,0.0,1,steven,kwan
2024-05-02,677587,0.0,0.0,1,brayan,rocchio
2024-05-02,572138,0.042,0.0,1,jon,singleton
2024-05-02,673237,0.561,0.0,1,yainer,diaz
2024-05-02,665161,0.162,0.9,1,jeremy,peña
2024-05-02,663656,0.0,0.0,1,kyle,tucker
2024-05-02,672356,0.0,0.0,1,gabriel,arias
2024-05-02,666310,0.02,0.0,1,bo,naylor
2024-05-02,664314,0.406,0.0,1,estevan,florial
2024-05-02,670541,0.041,0.0,1,yordan,álvarez
2024-05-02,608324,0.003,0.0,1,alex,bregman
2024-05-02,514888,0.149,0.9,1,josé,altuve
2024-05-02,676694,0.0,0.0,1,jake,meyers
2024-05-02,643289,0.594,0.9,1,mauricio,dubón
2024-05-02,572138,0.081,0.9,1,jon,singleton
2024-05-02,686823,0.127,0.0,1,will,brennan
2024-05-02,608070,0.42,0.0,1,josé,ramírez
2024-05-02,665926,0.182,1.25,1,andrés,giménez
2024-05-02,680757,0.689131,0.7,1,steven,kwan
2024-05-02,677587,0.11,1.25,1,brayan,rocchio
2024-05-02,672356,0.0,0.0,1,gabriel,arias
2024-05-02,673237,0.144,0.0,1,yainer,diaz
2024-05-02,665161,0.558,0.0,1,jeremy,peña
2024-05-02,663656,0.292,0.0,1,kyle,tucker
2024-05-02,666310,0.0,0.0,1,bo,naylor
2024-05-02,664314,0.0,0.0,1,estevan,florial
2024-05-02,686823,0.528,0.9,1,will,brennan
2024-05-02,647304,0.0,0.0,1,josh,naylor
2024-05-02,670541,0.0,0.0,1,yordan,álvarez
2024-05-02,608324,0.641,0.0,1,alex,bregman
2024-05-02,514888,0.669,0.0,1,josé,altuve
2024-05-02,608070,0.132,0.0,1,josé,ramírez
2024-05-02,665926,0.185,0.0,1,andrés,giménez
2024-05-02,680757,0.088,0.0,1,steven,kwan
2024-05-02,660821,0.488,0.9,1,jesús,sánchez
2024-05-02,605137,0.689131,0.7,1,josh,bell
2024-05-02,665862,0.167,0.0,1,jazz,chisholm
2024-05-02,650559,0.0,0.0,1,bryan,de la cruz
2024-05-02,660707,0.0,0.0,1,elehuris,montero
2024-05-02,641857,0.0,0.0,1,ryan,mcmahon
2024-05-02,650333,0.035,0.0,1,luis,arráez
2024-05-02,660644,0.095,0.0,1,vidal,bruján
2024-05-02,656896,0.0,0.0,1,emmanuel,rivera
2024-05-02,678662,0.254,0.0,1,ezequiel,tovar
2024-05-02,607732,0.0,0.0,1,jacob,stallings
2024-05-02,595909,0.246,0.0,1,jake,cave
2024-05-02,687597,0.399,0.9,1,jordan,beck
2024-05-02,663898,0.785,0.9,1,brendan,rodgers
2024-05-02,667472,1.471,0.0,1,dane,myers
2024-05-02,641313,0.0,0.0,1,tim,anderson
2024-05-02,660821,0.096,0.0,1,jesús,sánchez
2024-05-02,660707,0.147,0.0,1,elehuris,montero
2024-05-02,641857,0.689131,0.7,1,ryan,mcmahon
2024-05-02,686668,0.0,0.0,1,brenton,doyle
2024-05-02,678662,0.0,0.0,1,ezequiel,tovar
2024-05-02,696100,0.720192,0.7,1,hunter,goodman
2024-05-02,605137,0.057,0.0,1,josh,bell
2024-05-02,665862,0.412,0.0,1,jazz,chisholm
2024-05-02,650559,0.246,0.0,1,bryan,de la cruz
2024-05-02,607732,0.013,0.0,1,jacob,stallings
2024-05-02,595909,0.0,0.0,1,jake,cave
2024-05-02,687597,0.0,0.0,1,jordan,beck
2024-05-02,650333,0.664,0.0,1,luis,arráez
2024-05-02,663743,0.123,0.0,1,nick,fortes
2024-05-02,656896,0.0,0.0,1,emmanuel,rivera
2024-05-02,667472,0.556,0.9,1,dane,myers
2024-05-02,641313,0.402,0.9,1,tim,anderson
2024-05-02,663898,0.77,0.0,1,brendan,rodgers
2024-05-02,660707,0.012,0.0,1,elehuris,montero
2024-05-02,641857,0.0,0.0,1,ryan,mcmahon
2024-05-02,660821,0.315,0.0,1,jesús,sánchez
2024-05-02,605137,0.0,0.0,1,josh,bell
2024-05-02,665862,0.232,0.0,1,jazz,chisholm
2024-05-02,650559,0.528,0.9,1,bryan,de la cruz
2024-05-02,686668,0.248,0.0,1,brenton,doyle
2024-05-02,678662,0.563,0.0,1,ezequiel,tovar
2024-05-02,696100,0.689131,0.7,1,hunter,goodman
2024-05-02,607732,0.649,0.9,1,jacob,stallings
2024-05-02,595909,0.689131,0.7,1,jake,cave
2024-05-02,650333,0.098,0.0,1,luis,arráez
2024-05-02,663743,0.484,0.9,1,nick,fortes
2024-05-02,656896,0.005,0.0,1,emmanuel,rivera
2024-05-02,667472,0.689131,0.7,1,dane,myers
2024-05-02,687597,0.0,0.0,1,jordan,beck
2024-05-02,663898,0.0,0.0,1,brendan,rodgers
2024-05-02,660707,0.0,0.0,1,elehuris,montero
2024-05-02,641313,0.0,0.0,1,tim,anderson
2024-05-02,660821,0.155,0.0,1,jesús,sánchez
2024-05-02,605137,1.213,2.0,1,josh,bell
2024-05-02,665862,0.336,0.0,1,jazz,chisholm
2024-05-02,641857,0.0,0.0,1,ryan,mcmahon
2024-05-02,686668,0.0,0.0,1,brenton,doyle
2024-05-02,678662,0.047,0.0,1,ezequiel,tovar
2024-05-02,650559,0.0,0.0,1,bryan,de la cruz
2024-05-02,650333,0.526,0.9,1,luis,arráez
2024-05-02,663743,0.004,0.0,1,nick,fortes
2024-05-02,656896,0.689131,0.7,1,emmanuel,rivera
2024-05-02,667472,0.0,0.0,1,dane,myers
2024-05-02,696100,0.005,0.0,1,hunter,goodman
2024-05-02,607732,1.798,2.0,1,jacob,stallings
2024-05-02,595909,0.0,0.0,1,jake,cave
2024-05-02,687597,0.0,0.0,1,jordan,beck
2024-05-02,663898,0.364,0.9,1,brendan,rodgers
2024-05-02,660707,0.689131,0.7,1,elehuris,montero
2024-05-02,641313,0.143,0.0,1,tim,anderson
2024-05-02,660821,0.01,0.0,1,jesús,sánchez
2024-05-02,605137,0.042,0.0,1,josh,bell
2024-05-02,665862,0.268,0.9,1,jazz,chisholm
2024-05-02,650559,0.689131,0.7,1,bryan,de la cruz
2024-05-02,650333,0.864,1.25,1,luis,arráez
2024-05-02,641857,0.689131,0.7,1,ryan,mcmahon
2024-05-02,686668,0.0,0.0,1,brenton,doyle
2024-05-02,678662,0.0,0.0,1,ezequiel,tovar
2024-05-02,596019,0.505,1.25,1,francisco,lindor
2024-05-02,664056,0.720192,0.7,1,harrison,bader
2024-05-02,643565,0.468,0.9,1,mike,tauchman
2024-05-02,543228,0.04,0.0,1,yan,gomes
2024-05-02,621020,0.0,0.0,1,dansby,swanson
2024-05-02,663611,0.841,1.25,1,nick,madrigal
2024-05-02,683146,0.0,0.0,1,brett,baty
2024-05-02,643446,0.179,0.0,1,jeff,mcneil
2024-05-02,624413,0.166,0.0,1,pete,alonso
2024-05-02,621550,0.123,0.0,1,patrick,wisdom
2024-05-02,683737,0.004,0.0,1,michael,busch
2024-05-02,502110,0.0,0.0,1,j. d.,martinez
2024-05-02,516782,0.761,0.0,1,starling,marte
2024-05-02,607043,0.404,0.0,1,brandon,nimmo
2024-05-02,666624,0.0,0.0,1,christopher,morel
2024-05-02,664023,0.041,0.0,1,ian,happ
2024-05-02,643565,0.0,0.0,1,mike,tauchman
2024-05-02,663538,0.689131,0.7,1,nico,hoerner
2024-05-02,553882,0.013,0.0,1,omar,narváez
2024-05-02,596019,0.715,0.0,1,francisco,lindor
2024-05-02,664056,0.062,0.0,1,harrison,bader
2024-05-02,543228,0.051,0.0,1,yan,gomes
2024-05-02,691718,0.291,0.9,1,pete,crow-armstrong
2024-05-02,663611,0.154,0.0,1,nick,madrigal
2024-05-02,621550,0.378,0.0,1,patrick,wisdom
2024-05-02,683146,0.075,0.0,1,brett,baty
2024-05-02,643446,0.211,0.0,1,jeff,mcneil
2024-05-02,624413,0.0,0.0,1,pete,alonso
2024-05-02,502110,0.822,0.9,1,j. d.,martinez
2024-05-02,683737,0.0,0.0,1,michael,busch
2024-05-02,666624,0.689131,0.7,1,christopher,morel
2024-05-02,664023,0.0,0.0,1,ian,happ
2024-05-02,643565,0.465,0.0,1,mike,tauchman
2024-05-02,516782,0.0,0.0,1,starling,marte
2024-05-02,607043,0.708,1.25,1,brandon,nimmo
2024-05-02,553882,0.444,0.0,1,omar,narváez
2024-05-02,596019,0.649,1.25,1,francisco,lindor
2024-05-02,664056,0.905,0.9,1,harrison,bader
2024-05-02,683146,0.0,0.0,1,brett,baty
2024-05-02,643446,0.209,0.9,1,jeff,mcneil
2024-05-02,663538,0.373,0.0,1,nico,hoerner
2024-05-02,543228,0.0,0.0,1,yan,gomes
2024-05-02,691718,0.333,1.25,1,pete,crow-armstrong
2024-05-02,663611,0.003,0.0,1,nick,madrigal
2024-05-02,621550,0.049,1.25,1,patrick,wisdom
2024-05-02,624413,0.0,0.0,1,pete,alonso
2024-05-02,621466,0.689131,0.7,1,dj,stewart
2024-05-02,516782,0.869,0.9,1,starling,marte
2024-05-02,607043,0.396,0.9,1,brandon,nimmo
2024-05-02,553882,0.0,0.0,1,omar,narváez
2024-05-02,621563,0.0,0.0,1,joey,wendle
2024-05-02,664056,0.91,0.9,1,harrison,bader
2024-05-02,683146,0.689131,0.7,1,brett,baty
2024-05-02,683737,0.201,0.0,1,michael,busch
2024-05-02,666624,0.726,2.0,1,christopher,morel
2024-05-02,664023,0.689131,0.7,1,ian,happ
2024-05-02,643565,0.142,0.0,1,mike,tauchman
2024-05-02,663538,0.903,0.9,1,nico,hoerner
2024-05-02,543228,0.0,0.0,1,yan,gomes
2024-05-02,643446,0.054,0.0,1,jeff,mcneil
2024-05-02,624413,0.166,0.0,1,pete,alonso
2024-05-02,621466,0.689131,0.7,1,dj,stewart
2024-05-02,691718,0.23,0.0,1,pete,crow-armstrong
2024-05-02,663611,0.18,0.0,1,nick,madrigal
2024-05-02,621550,0.013,0.0,1,patrick,wisdom
2024-05-02,683737,0.54,0.9,1,michael,busch
2024-05-02,516782,0.0,0.0,1,starling,marte
2024-05-02,607043,0.689131,0.7,1,brandon,nimmo
2024-05-02,553882,0.0,0.0,1,omar,narváez
2024-05-02,621563,0.231,0.0,1,joey,wendle
2024-05-02,666624,0.224,0.0,1,christopher,morel
2024-05-02,664023,0.689131,0.7,1,ian,happ
2024-05-02,643565,0.689131,0.7,1,mike,tauchman
2024-05-02,663538,0.06,0.0,1,nico,hoerner
2024-05-02,664056,0.484,0.0,1,harrison,bader
2024-05-02,683146,0.689131,0.7,1,brett,baty
2024-05-02,643446,0.003,0.0,1,jeff,mcneil
2024-05-02,624413,0.0,0.0,1,pete,alonso
2024-05-02,543228,0.0,0.0,1,yan,gomes
2024-05-02,691718,0.054,0.0,1,pete,crow-armstrong
2024-05-02,663611,0.054,0.9,1,nick,madrigal
2024-05-02,621550,0.689131,0.7,1,patrick,wisdom
2024-05-02,683737,1.143,1.25,1,michael,busch
2024-05-02,666624,0.118,0.0,1,christopher,morel
2024-05-02,621466,0.236,0.0,1,dj,stewart
2024-05-02,516782,0.0,0.0,1,starling,marte
2024-05-02,607043,0.076,0.0,1,brandon,nimmo
2024-05-02,664023,0.0,0.0,1,ian,happ
2024-05-02,643565,0.215,0.0,1,mike,tauchman
2024-05-02,663538,0.096,0.0,1,nico,hoerner
2024-05-02,660688,0.086,0.0,1,keibert,ruiz
2024-05-02,608385,0.036,0.0,1,jesse,winker
2024-05-02,608841,0.721,0.9,1,joey,meneses
2024-05-02,694497,0.073,0.0,1,evan,carter
2024-05-02,608671,0.565,0.9,1,travis,jankowski
2024-05-02,694671,0.0,0.0,1,wyatt,langford
2024-05-02,669701,0.338,1.25,1,josh,smith
2024-05-02,641680,0.456,0.9,1,jonah,heim
2024-05-02,666969,0.0,0.0,1,adolis,garcía
2024-05-02,663993,0.689131,0.7,1,nathaniel,lowe
2024-05-02,671277,0.226,0.0,1,luis,garcía
2024-05-02,669222,0.0,0.0,1,nick,senzel
2024-05-02,682928,0.0,0.0,1,cj,abrams
2024-05-02,696285,0.689131,0.7,1,jacob,young
2024-05-02,608369,0.104,0.0,1,corey,seager
2024-05-02,543760,0.043,0.0,1,marcus,semien
2024-05-02,694497,0.0,0.0,1,evan,carter
2024-05-02,545121,0.666,0.0,1,ildemaro,vargas
2024-05-02,669743,0.0,0.0,1,alex,call
2024-05-02,660688,0.641,0.9,1,keibert,ruiz
2024-05-02,608385,0.216,0.0,1,jesse,winker
2024-05-02,608671,0.906,0.0,1,travis,jankowski
2024-05-02,694671,0.201,0.0,1,wyatt,langford
2024-05-02,669701,0.0,0.0,1,josh,smith
2024-05-02,641680,0.689131,0.7,1,jonah,heim
2024-05-02,666969,0.706,0.9,1,adolis,garcía
2024-05-02,608841,0.094,0.0,1,joey,meneses
2024-05-02,671277,0.0,0.0,1,luis,garcía
2024-05-02,669222,0.689131,0.7,1,nick,senzel
2024-05-02,682928,0.584,0.0,1,cj,abrams
2024-05-02,663993,0.004,0.0,1,nathaniel,lowe
2024-05-02,608369,0.058,0.0,1,corey,seager
2024-05-02,543760,0.338,0.0,1,marcus,semien
2024-05-02,696285,0.0,0.0,1,jacob,young
2024-05-02,545121,0.034,0.0,1,ildemaro,vargas
2024-05-02,592696,0.0,0.0,1,eddie,rosario
2024-05-02,694497,0.203,0.0,1,evan,carter
2024-05-02,677649,0.037,0.0,1,ezequiel,duran
2024-05-02,694671,0.0,0.0,1,wyatt,langford
2024-05-02,660688,0.499,0.0,1,keibert,ruiz
2024-05-02,608385,0.0,0.0,1,jesse,winker
2024-05-02,608841,0.0,0.0,1,joey,meneses
2024-05-02,669701,0.0,0.0,1,josh,smith
2024-05-02,641680,0.136,0.0,1,jonah,heim
2024-05-02,666969,0.057,0.0,1,adolis,garcía
2024-05-02,663993,0.864,1.25,1,nathaniel,lowe
2024-05-02,671277,0.0,0.0,1,luis,garcía
2024-05-02,669222,0.689131,0.7,1,nick,senzel
2024-05-02,682928,0.622,1.25,1,cj,abrams
2024-05-02,696285,0.332,0.0,1,jacob,young
2024-05-02,545121,0.013,0.0,1,ildemaro,vargas
2024-05-02,608369,0.068,0.0,1,corey,seager
2024-05-02,543760,0.871,0.9,1,marcus,semien
2024-05-02,694497,0.436,0.9,1,evan,carter
2024-05-02,677649,0.488,1.25,1,ezequiel,duran
2024-05-02,694671,0.0,0.0,1,wyatt,langford
2024-05-02,669701,0.689131,0.7,1,josh,smith
2024-05-02,641680,0.484,0.9,1,jonah,heim
2024-05-02,666969,0.125,0.0,1,adolis,garcía
2024-05-02,592696,0.0,0.0,1,eddie,rosario
2024-05-02,660688,0.0,0.0,1,keibert,ruiz
2024-05-02,608385,0.077,0.0,1,jesse,winker
2024-05-02,663993,0.138,0.0,1,nathaniel,lowe
2024-05-02,608369,0.0,0.0,1,corey,seager
2024-05-02,543760,0.014,0.0,1,marcus,semien
2024-05-02,608841,0.057,0.0,1,joey,meneses
2024-05-02,671277,0.918,1.25,1,luis,garcía
2024-05-02,669222,0.0,0.0,1,nick,senzel
